"","botid","date","press","chl","hbact","pro","syn","picoeuk","cruise"
"3",1770200320,12506,7.7,0.12,4.871,1.952,0.037,0.013,"177"
"6",1770200317,12506,24.7,0.11,4.801,1.991,0.037,0.014,"177"
"9",1770200314,12506,46.9,0.11,4.879,1.977,0.032,0.012,"177"
"12",1770200311,12506,74.8,0.12,4.688,1.908,0.033,0.013,"177"
"15",1770200308,12506,100.4,0.13,5.035,1.84,0.029,0.013,"177"
"18",1770200305,12506,125.2,0.27,5.09,2.127,0.035,0.016,"177"
"20",1770200303,12506,175.7,0.05,2.911,0.089,0,0.003,"177"
"46",1780200920,21506,10.3,0.15,4.705,2.192,0.048,0.013,"178"
"49",1780200917,21506,24.6,0.14,4.404,2.299,0.046,0.013,"178"
"52",1780200914,21506,45.3,0.15,4.026,2.303,0.047,0.013,"178"
"55",1780200911,21506,73.9,0.3,4.289,1.192,0.011,0.02,"178"
"57",1780200909,21506,100.4,0.15,2.804,0.339,0,0.008,"178"
"59",1780200906,21506,125.3,0.06,2.229,0.115,0,0.003,"178"
"61",1780200904,21506,149.8,0.03,1.756,0.023,0,0.001,"178"
"62",1780200903,21506,177,0.01,1.545,0.004,0,0.001,"178"
"77",1790201220,31006,5.4,0.11,4.782,1.983,0.037,0.017,"179"
"80",1790201217,31006,24.5,0.13,4.943,2.029,0.029,0.014,"179"
"83",1790201214,31006,46.2,0.11,4.92,2.087,0.039,0.013,"179"
"86",1790201211,31006,75.5,0.12,4.887,2.095,0.033,0.017,"179"
"89",1790201208,31006,99.7,0.21,4.911,2.015,0.029,0.009,"179"
"92",1790201205,31006,123.1,0.25,4.223,1.611,0.019,0.009,"179"
"93",1790201204,31006,150,0.15,4.001,0.346,0.001,0.007,"179"
"94",1790201203,31006,173.6,0.03,2.566,0.039,0,0.002,"179"
"109",1800200920,40206,6.2,0.11,5.03,2.263,0.045,0.01,"180"
"112",1800200917,40206,25.5,0.11,4.827,2.966,0.061,0.009,"180"
"115",1800200914,40206,45,0.13,6.334,2.281,0.051,0.006,"180"
"118",1800200911,40206,75.6,0.29,4.265,1.905,0.031,0.022,"180"
"121",1800200908,40206,100.5,0.31,5.161,1.04,0.014,0.021,"180"
"124",1800200905,40206,124.3,0.16,4.695,0.351,0.007,0.008,"180"
"125",1800200904,40206,149.7,0.06,3.666,0.117,0.002,0.003,"180"
"126",1800200903,40206,176.3,0.04,2.828,0.043,0,0.002,"180"
"140",1810201022,52706,7.3,0.07,4.857,1.646,0.014,0.009,"181"
"143",1810201019,52706,26.5,0.06,4.861,1.87,0.021,0.008,"181"
"146",1810201016,52706,46.4,0.08,5.272,2.029,0.013,0.01,"181"
"149",1810201013,52706,76.3,0.14,4.351,1.358,0.004,0.023,"181"
"152",1810201010,52706,101.2,0.27,4.255,0.775,0,0.025,"181"
"155",1810201007,52706,124.6,0.22,2.885,0.46,0,0.012,"181"
"156",1810201006,52706,150.4,0.1,2.333,0.223,0,0.005,"181"
"157",1810201005,52706,176.2,0.03,1.805,0.03,0,0.002,"181"
"172",1820200822,61406,8.2,0.07,4.718,2.356,0.017,0.009,"182"
"175",1820200819,61406,25,0.06,4.915,2.081,0.024,0.009,"182"
"178",1820200816,61406,46,0.07,6.055,2.571,0.024,0.01,"182"
"181",1820200813,61406,76.1,0.11,5.605,2.468,0.019,0.009,"182"
"184",1820200810,61406,100.9,0.15,5.092,2.785,0.021,0.01,"182"
"187",1820200807,61406,124.9,0.2,4.151,0.855,0.002,0.019,"182"
"188",1820200806,61406,150.9,0.11,2.595,0.321,0,0.01,"182"
"189",1820200805,61406,176.6,0.04,2.081,0.043,0,0.001,"182"
"213",1830201013,71306,75,0.13,3.243,2.727,0.024,0.01,"183"
"216",1830201010,71306,100.7,0.22,2.362,1.369,0.003,0.011,"183"
"219",1830201007,71306,125.5,0.07,1.86,0.184,0,0.005,"183"
"220",1830201006,71306,149.8,0.04,1.834,0.058,0,0.002,"183"
"233",1840200922,80906,7.5,NA,3.323,1.378,0.007,0,"184"
"234",1840200919,80906,25.8,NA,3.102,1.293,0.008,0.001,"184"
"235",1840200916,80906,60,NA,3.912,2.274,0.019,0.001,"184"
"236",1840200913,80906,89.8,NA,3.646,1.997,0.024,0.001,"184"
"237",1840200910,80906,115,NA,3.251,0.435,0.006,0.002,"184"
"238",1840200907,80906,150.5,NA,1.71,0.136,0,0.001,"184"
"239",1840200906,80906,164.5,NA,1.349,0.05,0,0.001,"184"
"240",1840200905,80906,174.8,NA,1.256,0.035,0,0,"184"
"275",1850200920,91606,6.3,0.07,5.428,2.163,0.011,0.004,"185"
"278",1850200917,91606,26.3,0.07,5.496,2.384,0.012,0.003,"185"
"281",1850200914,91606,46.1,0.09,5.82,2.634,0.017,0.01,"185"
"284",1850200911,91606,75.6,0.13,6.048,2.499,0.046,0.012,"185"
"287",1850200908,91606,100.8,0.2,4.734,2.453,0.033,0.01,"185"
"290",1850200905,91606,125.3,0.19,3.422,0.699,0.001,0.013,"185"
"291",1850200904,91606,150.4,0.05,2.496,0.12,0,0.005,"185"
"292",1850200903,91606,175.7,0.02,2.066,0.018,0,0.001,"185"
"307",1860201820,102106,8.7,0.09,5.985,1.862,0.016,0.003,"186"
"310",1860201817,102106,25.3,0.08,5.975,2.088,0.013,0.003,"186"
"313",1860201814,102106,45.1,0.1,5.756,2.891,0.023,0.001,"186"
"316",1860201811,102106,74.5,0.15,5.667,2.799,0.022,0.001,"186"
"319",1860201808,102106,101.4,0.25,5.229,1.801,0.016,0.007,"186"
"322",1860201805,102106,126,0.15,4.209,0.449,0.001,0.009,"186"
"323",1860201804,102106,151.6,0.1,3.259,0.272,0,0.007,"186"
"324",1860201803,102106,173.6,0.03,2.557,0.067,0,0.002,"186"
"339",1870200920,110906,6.9,0.07,5.293,2.002,0.017,0.005,"187"
"342",1870200917,110906,25,0.07,5.813,2.349,0.017,0.008,"187"
"345",1870200914,110906,45.5,0.08,5.451,2.308,0.017,0.007,"187"
"348",1870200911,110906,76.1,0.07,5.428,2.212,0.013,0.005,"187"
"351",1870200908,110906,100.8,0.21,4.751,1.982,0.014,0.009,"187"
"354",1870200905,110906,124.8,0.19,3.916,0.597,0,0.012,"187"
"355",1870200904,110906,150.1,0.06,3.237,0.144,0,0.003,"187"
"356",1870200903,110906,175,0.02,2.603,0.024,0,0.001,"187"
"371",1880200920,121006,9,0.1,4.231,1.738,0.009,0.006,"188"
"374",1880200917,121006,23.7,0.09,4.457,1.781,0.007,0.005,"188"
"377",1880200914,121006,44.6,0.12,4.367,1.768,0.009,0.005,"188"
"380",1880200911,121006,75,0.13,4.186,1.298,0.011,0.004,"188"
"383",1880200908,121006,101,0.21,4.75,0.606,0,0.011,"188"
"386",1880200905,121006,125.7,0.1,2.699,0.278,0,0.007,"188"
"388",1880200903,121006,175.6,0.02,1.536,0.018,0,0.001,"188"
"403",1890201020,20707,5.1,0.1,4.47,1.887,0.02,0.01,"189"
"406",1890201017,20707,24.6,0.1,4.641,1.874,0.027,0.006,"189"
"408",1890201014,20707,45.2,0.1,4.341,2.006,0.027,0.008,"189"
"411",1890201011,20707,75.5,0.2,4.157,1.19,0.013,0.009,"189"
"414",1890201008,20707,100.8,0.14,2.859,0.379,0,0.008,"189"
"417",1890201005,20707,123.4,0.03,2.545,0.06,0,0.001,"189"
"418",1890201004,20707,149,0.01,2.05,0.003,0,0,"189"
"419",1890201003,20707,174.7,0.01,1.723,0.001,0,0,"189"
"434",1900201020,32107,4.4,0.08,4.123,1.402,0.021,0.008,"190"
"437",1900201017,32107,25,0.06,4.574,1.508,0.021,0.008,"190"
"443",1900201011,32107,75.1,0.12,4.137,1.643,0.021,0.017,"190"
"446",1900201008,32107,99.7,0.31,3.223,0.929,0.005,0.034,"190"
"449",1900201005,32107,124.2,0.12,3.477,0.251,0.007,0.004,"190"
"450",1900201004,32107,149.7,0.04,2.32,0.037,0,0.002,"190"
"451",1900201003,32107,174.1,0.01,1.65,0.002,0,0,"190"
"466",1910201020,50507,7.4,0.1,5.161,2.198,0.014,0.013,"191"
"469",1910201017,50507,25.9,0.1,5.073,2.156,0.021,0.012,"191"
"472",1910201014,50507,44.5,0.13,5.332,2.51,0.018,0.013,"191"
"475",1910201011,50507,75.3,0.15,5.281,2.863,0.015,0.011,"191"
"478",1910201008,50507,100.2,NA,4.383,2.577,0.011,0.009,"191"
"481",1910201005,50507,125.3,0.26,4.017,1.151,0.004,0.015,"191"
"482",1910201004,50507,149.6,0.14,2.929,0.337,0,0.008,"191"
"483",1910201003,50507,174.5,0.06,2.537,0.105,0,0.002,"191"
"498",1930200722,70807,6.8,0.08,5.467,1.74,0.012,0.005,"193"
"501",1930200717,70807,24.8,0.07,5.241,1.82,0.012,0.007,"193"
"504",1930200714,70807,45.3,0.08,5.41,1.81,0.012,0.008,"193"
"507",1930200711,70807,75.9,0.16,5.24,2.492,0.016,0.006,"193"
"510",1930200708,70807,99.8,0.24,4.57,2.197,0.007,0.01,"193"
"513",1930200705,70807,124.8,0.23,3.388,0.499,0,0.009,"193"
"514",1930200704,70807,149.7,0.09,2.737,0.157,0,0.004,"193"
"515",1930200703,70807,175,0.05,2.46,0.053,0,0.002,"193"
"530",1940200920,80407,7.9,0.07,4.716,1.72,0.011,0.005,"194"
"533",1940200917,80407,25.2,0.08,4.544,1.852,0.012,0.006,"194"
"536",1940200914,80407,44.9,0.09,5.579,2.436,0.013,0.004,"194"
"539",1940200911,80407,75.9,0.12,5.69,2.017,0.012,0.004,"194"
"540",1940200908,80407,100.1,NA,5.188,1.647,0.011,0.003,"194"
"543",1940200905,80407,125.4,0.2,4.162,0.661,0.003,0.007,"194"
"544",1940200904,80407,149.9,0.15,3.129,0.313,0,0.011,"194"
"545",1940200903,80407,175.3,0.06,1.401,0.142,0,0.005,"194"
"560",1950200920,90307,6.6,0.09,6.261,2.197,0.008,0.005,"195"
"563",1950200917,90307,25.8,0.09,5.947,2.499,0.01,0.004,"195"
"566",1950200914,90307,46,0.1,6.388,2.581,0.01,0.004,"195"
"569",1950200911,90307,75.9,0.18,5.504,2.792,0.017,0.006,"195"
"572",1950200908,90307,100.5,0.27,4.67,2.417,0.02,0.007,"195"
"575",1950200905,90307,125.4,0.19,3.549,0.548,0,0.011,"195"
"576",1950200904,90307,150.5,0.05,2.392,0.101,0,0.002,"195"
"577",1950200903,90307,176,0.05,2.685,0.113,0,0.002,"195"
"580",1960200222,100207,4.5,0.1,4.794,2.025,0.009,0.007,"196"
"583",1960200217,100207,24.8,0.09,4.53,2.083,0.008,0.005,"196"
"586",1960200214,100207,44.3,0.1,4.842,2.173,0.006,0.012,"196"
"589",1960200211,100207,75.7,0.2,5.245,2.606,0.016,0.006,"196"
"592",1960200208,100207,99,0.28,4.562,2.065,0.016,0.005,"196"
"595",1960200205,100207,126,0.24,4.837,0.758,0.001,0.011,"196"
"596",1960200204,100207,149.7,0.1,3.466,0.174,0,0.003,"196"
"597",1960200203,100207,176.9,0.05,2.288,0.086,0,0.001,"196"
"610",1970200220,120107,8.8,0.1,4.461,2.158,0,0.009,"197"
"613",1970200217,120107,24.7,0.09,4.465,2.025,0.002,0.008,"197"
"616",1970200214,120107,44.9,0.11,3.806,1.757,0,0.007,"197"
"619",1970200211,120107,74.9,0.2,3.983,1.698,0.004,0.01,"197"
"622",1970200208,120107,99.4,0.28,3.086,0.673,0,0.024,"197"
"625",1970200205,120107,126.3,0.1,2.287,0.199,0,0.006,"197"
"640",1980200222,122007,5.8,0.14,5.173,1.374,0.069,0.023,"198"
"643",1980200217,122007,24,0.14,5.042,1.465,0.06,0.022,"198"
"646",1980200214,122007,45.8,0.15,4.858,1.354,0.061,0.026,"198"
"649",1980200211,122007,76,0.16,4.736,1.276,0.055,0.029,"198"
"652",1980200208,122007,101.1,0.21,5.015,0.887,0.036,0.029,"198"
"655",1980200205,122007,123.1,0.15,3.698,0.32,0.001,0.01,"198"
"656",1980200204,122007,149.2,0.05,2.628,0.058,0,0.002,"198"
"657",1980200203,122007,175.1,0.03,2.2,0.029,0,0.001,"198"
"673",1990200222,12908,5.8,0.18,3.885,1.445,0,0.018,"199"
"676",1990200217,12908,24.5,0.16,3.935,1.499,0.001,0.016,"199"
"679",1990200214,12908,45.7,0.17,3.873,1.474,0.001,0.017,"199"
"682",1990200211,12908,74.5,0.17,3.965,1.474,0.004,0.014,"199"
"685",1990200208,12908,99.7,0.16,4.02,1.2,0.015,0.018,"199"
"688",1990200205,12908,124.2,0.11,2.079,0.338,0,0,"199"
"689",1990200204,12908,150.5,0.06,2.001,0.078,0,0.002,"199"
"690",1990200203,12908,177.2,0.01,1.564,0.006,0,0,"199"
"705",2000200222,22308,7.4,0.06,4.908,1.711,0.022,0.015,"200"
"708",2000200217,22308,27.8,0.07,4.884,2.044,0.033,0.016,"200"
"711",2000200214,22308,46.4,0.09,4.223,2.106,0.044,0.012,"200"
"714",2000200211,22308,76.6,0.13,4.245,2.305,0.042,0.009,"200"
"720",2000200205,22308,126.3,0.16,2.432,0.555,0,0.009,"200"
"721",2000200204,22308,151.7,0.06,2.05,0.125,0,0.003,"200"
"722",2000200203,22308,176.6,0.02,1.721,0.011,0,0.001,"200"
"737",2010200222,52708,7.5,0.04,4.685,1.879,0.032,0.035,"201"
"740",2010200218,52708,26.1,0.04,6.203,2.335,0.03,0.021,"201"
"743",2010200215,52708,46,0.05,5.952,2.295,0.02,0.012,"201"
"746",2010200212,52708,75.6,0.07,5.767,2.453,0.028,0.015,"201"
"749",2010200209,52708,101.1,0.18,5.361,2.943,0.02,0.006,"201"
"752",2010200206,52708,125.6,0.16,4.811,1.044,0.008,0.003,"201"
"753",2010200205,52708,150,0.06,2.705,0.264,0,0.008,"201"
"754",2010200204,52708,175.6,0.03,1.904,0.103,0,0.003,"201"
"769",2020200222,62508,9.2,0.08,4.6,1.905,0.01,0.013,"202"
"772",2020200218,62508,24.6,0.09,4.429,1.867,0.008,0.009,"202"
"775",2020200215,62508,44.1,0.07,4.746,1.819,0.008,0.009,"202"
"778",2020200212,62508,74.2,0.13,4.443,2.347,0.014,0.011,"202"
"781",2020200209,62508,99.2,0.18,3.433,1.631,0.01,0.007,"202"
"784",2020200205,62508,124.3,0.16,3.332,0.708,0,0.021,"202"
"785",2020200204,62508,149.5,0.07,2.512,0.288,0,0.007,"202"
"786",2020200203,62508,174,0.03,1.893,0.052,0,0.001,"202"
"801",2030200222,72608,8.4,0.07,4.288,1.627,0.012,0.007,"203"
"804",2030200218,72608,25.3,0.09,4.961,1.599,0.011,0.005,"203"
"807",2030200215,72608,44.7,0.13,5.89,2.225,0.015,0.009,"203"
"810",2030200212,72608,75,0.16,5.583,2.58,0.02,0.009,"203"
"813",2030200209,72608,100.9,0.21,4.329,2.104,0.012,0.005,"203"
"816",2030200205,72608,125.3,0.17,4.071,0.71,0.001,0.011,"203"
"817",2030200204,72608,150,0.08,2.804,0.185,0,0.004,"203"
"818",2030200203,72608,176.1,0.04,1.803,0.06,0,0.001,"203"
"833",2040200222,81608,6.2,0.08,6.024,2.755,0.011,0.007,"204"
"836",2040200218,81608,24.9,0.08,6.45,2.861,0.013,0.008,"204"
"839",2040200215,81608,43.7,0.11,7.272,2.928,0.032,0.012,"204"
"842",2040200212,81608,74.3,0.21,5.165,2.759,0.023,0.009,"204"
"845",2040200209,81608,100.1,0.26,4.139,0.872,0.002,0.015,"204"
"848",2040200205,81608,125.6,0.13,3.418,0.308,0,0.007,"204"
"849",2040200204,81608,150.2,0.04,2.911,0.096,0,0.003,"204"
"850",2040200203,81608,174.3,0.03,2.436,0.033,0,0.001,"204"
"864",2050200222,101008,6,0.13,6.019,2.476,0.014,0.01,"205"
"867",2050200217,101008,24.5,0.13,5.995,2.161,0.011,0.008,"205"
"870",2050200214,101008,44.2,0.17,5.81,2.6,0.013,0.008,"205"
"873",2050200211,101008,74.3,0.33,4.752,2.155,0.023,0.009,"205"
"876",2050200208,101008,99.2,0.37,3.65,0.843,0.002,0.015,"205"
"879",2050200205,101008,124.1,0.15,3.185,0.296,0,0.009,"205"
"880",2050200204,101008,148.9,0.07,2.433,0.068,0,0.003,"205"
"881",2050200203,101008,174,0.02,1.969,0.015,0,0.001,"205"
"895",2060200222,113008,10.1,0.23,5.417,2.156,0.018,0.01,"206"
"898",2060200218,113008,22.3,0.27,5.907,2.105,0.019,0.01,"206"
"901",2060200215,113008,43.3,0.23,4.873,2.044,0.02,0.009,"206"
"904",2060200212,113008,76.7,0.26,5.675,2.056,0.02,0.01,"206"
"907",2060200209,113008,100.2,0.35,5.962,1.134,0.004,0.009,"206"
"910",2060200205,113008,121.8,0.29,4.656,0.582,0,0.016,"206"
"911",2060200204,113008,147.5,0.1,2.848,0.168,0,0.004,"206"
"912",2060200203,113008,175,0.02,2.196,0.008,0,0.001,"206"
"927",2080200222,12009,6.6,0.12,3.381,1.97,0.031,0.012,"208"
"930",2080200218,12009,24.6,0.12,3.274,2.06,0.03,0.011,"208"
"933",2080200215,12009,45.3,0.14,3.625,2,0.031,0.009,"208"
"936",2080200212,12009,74.4,0.25,3.642,2.067,0.035,0.014,"208"
"939",2080200209,12009,99.6,0.26,3.248,1.93,0.031,0.012,"208"
"942",2080200205,12009,125.3,0.2,3.489,0.367,0.003,0.009,"208"
"943",2080200204,12009,150.4,0.12,2.214,0.232,0,0.005,"208"
"944",2080200203,12009,175,0.02,1.704,0.009,0,0,"208"
"959",2090200222,21709,6.7,0.08,3.618,1.198,0.017,0.011,"209"
"962",2090200218,21709,24.8,0.08,3.574,1.23,0.017,0.01,"209"
"965",2090200215,21709,45.4,0.08,3.528,1.259,0.019,0.009,"209"
"968",2090200212,21709,74.9,0.11,3.53,1.283,0.019,0.01,"209"
"971",2090200209,21709,100,0.17,3.55,0.57,0.008,0.023,"209"
"974",2090200205,21709,126,0.12,2.741,0.373,0,0.01,"209"
"975",2090200204,21709,150,0.04,2.004,0.057,0,0.003,"209"
"976",2090200203,21709,173.9,0.02,1.529,0.009,0,0.001,"209"
"991",2100200222,42809,5,0.06,4.627,1.604,0.019,0.014,"210"
"992",2100200218,42809,25,0.07,4.699,1.978,0.026,0.013,"210"
"995",2100200215,42809,44.7,0.08,4.591,2.402,0.03,0.016,"210"
"998",2100200212,42809,75,0.1,4.149,2.33,0.031,0.016,"210"
"1001",2100200209,42809,99.8,0.27,3.934,1.274,0.009,0.024,"210"
"1004",2100200205,42809,125.1,0.15,3.673,0.27,0.001,0.011,"210"
"1005",2100200204,42809,150.1,0.06,2.944,0.138,0,0.004,"210"
"1006",2100200203,42809,175.2,0.02,2.192,0.025,0,0.001,"210"
"1021",2110200120,52709,7.2,0.07,4.152,1.847,0.036,0.007,"211"
"1024",2110200117,52709,27.1,0.07,5.492,1.925,0.011,0.009,"211"
"1027",2110200114,52709,47,0.08,5.27,1.796,0.01,0.007,"211"
"1030",2110200111,52709,76.9,0.13,4.427,2.269,0.01,0.007,"211"
"1033",2110200108,52709,101.9,0.25,4.122,1.132,0.006,0.007,"211"
"1036",2110200105,52709,126.7,0.19,3.681,0.47,0.001,0.017,"211"
"1037",2110200104,52709,151.7,0.1,2.813,0.21,0,0.007,"211"
"1038",2110200103,52709,176.8,0.06,2.365,0.085,0,0.003,"211"
"1053",2120200222,70309,8.2,0.05,4.521,1.77,0.009,0.006,"212"
"1055",2120200219,70309,25.1,0.06,4.345,1.751,0.007,0.008,"212"
"1058",2120200216,70309,44.7,0.07,4.85,2.19,0.01,0.011,"212"
"1061",2120200213,70309,74.4,0.15,4.874,2.475,0.022,0.012,"212"
"1064",2120200210,70309,100.1,0.2,3.564,1.725,0.009,0.009,"212"
"1067",2120200207,70309,125.9,0.23,3.336,0.693,0.001,0.02,"212"
"1068",2120200204,70309,150.1,0.11,2.852,0.237,0,0.007,"212"
"1069",2120200203,70309,175.3,0.07,2.397,0.162,0,0.004,"212"
"1083",2130200220,72409,7.6,0.06,4.251,1.583,0.011,0.007,"213"
"1086",2130200217,72409,24.9,0.06,4.58,1.61,0.01,0.009,"213"
"1089",2130200214,72409,45.1,0.1,4.644,2.021,0.011,0.009,"213"
"1092",2130200211,72409,75.4,0.13,4.307,2.793,0.027,0.013,"213"
"1095",2130200208,72409,99.9,0.2,3.103,1.812,0.011,0.008,"213"
"1098",2130200205,72409,124.9,0.13,2.395,0.382,0,0.008,"213"
"1099",2130200202,72409,150.2,0.04,2.295,0.138,0,0.004,"213"
"1100",2130200201,72409,175.3,0.02,1.711,0.018,0,0.001,"213"
"1115",2140200220,81809,8.3,0.09,3.655,1.778,0.01,0.008,"214"
"1118",2140200217,81809,24.5,0.09,6.86,1.575,0.01,0.007,"214"
"1121",2140200214,81809,46.1,0.15,4.677,2.287,0.01,0.008,"214"
"1124",2140200211,81809,75,0.27,4.727,1.503,0.021,0.008,"214"
"1127",2140200208,81809,100.7,0.3,4.913,1.49,0.009,0.007,"214"
"1130",2140200205,81809,124.4,0.16,5.117,0.503,0,0.007,"214"
"1131",2140200204,81809,151.3,0.09,3.047,0.194,0,0.007,"214"
"1132",2140200203,81809,176,0.04,2.488,0.082,0,0.003,"214"
"1147",2150200218,92409,5.4,0.06,5.293,2.461,0.01,0.006,"215"
"1150",2150200215,92409,25.1,0.06,5.262,2.781,0.011,0.007,"215"
"1153",2150200212,92409,44.6,0.07,4.674,2.667,0.012,0.008,"215"
"1156",2150200209,92409,74.7,0.14,3.769,2.461,0.03,0.01,"215"
"1157",2150200206,92409,99.8,0.24,4.434,0.805,0,0.021,"215"
"1160",2150200203,92409,125.2,0.1,2.555,0.31,0,0.008,"215"
"1161",2150200202,92409,150.2,0.03,2.304,0.038,0,0.003,"215"
"1162",2150200201,92409,176.7,0.03,1.148,0.04,0,0.002,"215"
"1175",2160200219,110309,4.6,0.07,6.577,2.124,0.02,0.012,"216"
"1179",2160200215,110309,24,0.08,6.265,2.224,0.022,0.009,"216"
"1182",2160200212,110309,44.7,NA,6.127,2.116,0.017,0.009,"216"
"1185",2160200209,110309,75.2,0.17,4.619,2.679,0.019,0.009,"216"
"1188",2160200206,110309,99.4,0.27,3.913,1.061,0.003,0.021,"216"
"1191",2160200203,110309,127,0.15,2.714,0.378,0,0.009,"216"
"1192",2160200202,110309,149.6,0.03,2.145,0.059,0,0.003,"216"
"1193",2160200201,110309,171.4,0.03,1.077,0.029,0,0.001,"216"
"1208",2170200220,120909,4.7,0.12,4.182,2.777,0.014,0.009,"217"
"1211",2170200217,120909,24.4,0.13,4.343,2.822,0.017,0.009,"217"
"1214",2170200214,120909,44.3,0.13,4.249,2.711,0.014,0.013,"217"
"1216",2170200211,120909,75,NA,4.4,2.058,0.017,0.008,"217"
"1219",2170200208,120909,99.9,0.21,3.639,0.789,0.002,0.011,"217"
"1222",2170200205,120909,126.5,0.13,3.007,0.304,0,0.008,"217"
"1223",2170200204,120909,151.6,0.05,2.366,0.107,0,0.004,"217"
"1224",2170200203,120909,175.5,0.02,2.196,0.031,0,0,"217"
"1237",2190200522,31010,4.7,NA,3.75,2.003,0.012,0.013,"219"
"1238",2190200519,31010,25.5,NA,3.829,1.989,0.012,0.013,"219"
"1239",2190200517,31010,45.6,NA,3.875,1.914,0.012,0.009,"219"
"1240",2190200515,31010,75.3,NA,3.323,1.878,0.01,0.012,"219"
"1241",2190200512,31010,101.3,NA,3.408,1.457,0.006,0.015,"219"
"1242",2190200509,31010,125.4,NA,2.727,0.273,0,0.011,"219"
"1243",2190200507,31010,150.8,NA,2.27,0.083,0,0.003,"219"
"1244",2190200505,31010,172.8,NA,2.004,0.021,0,0.001,"219"
"1258",2200200219,40610,4.7,0.1,3.281,1.643,0.017,0.006,"220"
"1261",2200200216,40610,25.3,0.1,3.85,1.672,0.017,0.007,"220"
"1264",2200200213,40610,44.1,0.11,4.257,1.703,0.02,0.007,"220"
"1267",2200200210,40610,77.4,0.12,4.437,1.853,0.027,0.008,"220"
"1270",2200200207,40610,98.5,0.14,3.853,1.94,0.027,0.008,"220"
"1273",2200200204,40610,123.3,0.2,2.486,0.53,0,0.011,"220"
"1275",2200200202,40610,150,0.06,2.279,0.108,0,0.003,"220"
"1276",2200200201,40610,174.2,0.03,1.954,0.026,0,0.001,"220"
"1290",2210200221,51810,5,0.08,4.498,1.526,0.017,0.011,"221"
"1293",2210200218,51810,23.1,0.08,4.626,1.538,0.015,0.011,"221"
"1296",2210200215,51810,44.4,0.1,4.923,1.796,0.024,0.012,"221"
"1299",2210200212,51810,74.4,0.18,4.473,2.251,0.027,0.009,"221"
"1302",2210200209,51810,100.4,0.26,3.543,1.385,0.002,0.023,"221"
"1305",2210200206,51810,125.1,0.2,3.284,0.43,0.003,0.006,"221"
"1307",2210200204,51810,150.2,0.12,3.007,0.17,0.001,0.007,"221"
"1308",2210200203,51810,176.4,0.09,2.457,0.085,0,0.003,"221"
"1323",2220200221,60810,5.5,0.07,5.374,1.602,0.019,0.007,"222"
"1326",2220200218,60810,25.1,0.06,5.62,1.504,0.022,0.006,"222"
"1330",2220200214,60810,44.6,0.09,5.188,1.838,0.025,0.01,"222"
"1333",2220200211,60810,75.4,0.15,5.061,1.943,0.011,0.008,"222"
"1335",2220200209,60810,100.1,NA,4.513,1.004,0.005,0.007,"222"
"1337",2220200206,60810,127.3,0.22,3.66,0.69,0.002,0.017,"222"
"1339",2220200204,60810,147.8,0.17,3.447,0.437,0.001,0.014,"222"
"1340",2220200203,60810,180,0.05,2.274,0.054,0,0.004,"222"
"1354",2230200221,70810,5.8,0.09,4.489,1.769,0.007,0.004,"223"
"1357",2230200218,70810,25.7,0.09,4.675,1.584,0.006,0.005,"223"
"1360",2230200215,70810,46.2,0.09,4.635,1.8,0.013,0.006,"223"
"1363",2230200212,70810,75.4,0.16,5.163,2.147,0.015,0.008,"223"
"1366",2230200209,70810,100.5,0.22,3.882,1.76,0.016,0.005,"223"
"1369",2230200206,70810,125.7,0.25,3.308,0.901,0.001,0.011,"223"
"1371",2230200204,70810,150.6,0.18,2.782,0.379,0.001,0.009,"223"
"1372",2230200203,70810,175,0.06,2.204,0.063,0,0.003,"223"
"1386",2240200220,80710,6,0.07,4.979,1.607,0.006,0.005,"224"
"1389",2240200217,80710,24.9,0.07,4.922,1.621,0.008,0.007,"224"
"1392",2240200214,80710,45.1,0.09,4.865,1.725,0.009,0.007,"224"
"1395",2240200211,80710,75.4,0.11,4.915,2.176,0.009,0.004,"224"
"1398",2240200208,80710,100.2,0.22,4.962,2.133,0.016,0.005,"224"
"1401",2240200205,80710,125.1,0.27,4.531,1.273,0.012,0.008,"224"
"1402",2240200204,80710,151.2,0.19,3.342,0.405,0.001,0.011,"224"
"1403",2240200203,80710,176.2,0.09,2.5,0.202,0,0.005,"224"
"1418",2250200220,90310,6.6,0.08,5.331,1.832,0.01,0.005,"225"
"1421",2250200217,90310,25,0.07,5.191,1.847,0.009,0.005,"225"
"1424",2250200214,90310,45,0.09,5.28,1.997,0.011,0.006,"225"
"1427",2250200211,90310,75.3,NA,5.345,2.411,0.019,0.01,"225"
"1430",2250200208,90310,100.3,0.27,3.83,1.585,0.008,0.015,"225"
"1433",2250200205,90310,124.5,0.17,2.944,0.487,0,0.011,"225"
"1434",2250200204,90310,149.9,0.09,3.138,0.177,0,0.006,"225"
"1435",2250200203,90310,176.9,0.02,2.169,0.011,0,0.001,"225"
"1450",2260200220,100310,5.7,0.1,4.59,1.752,0.012,0.007,"226"
"1453",2260200217,100310,24.5,0.09,5.843,2.14,0.012,0.01,"226"
"1456",2260200214,100310,45.5,0.1,5.965,2.148,0.015,0.011,"226"
"1459",2260200211,100310,76,0.22,5.094,2.704,0.014,0.008,"226"
"1462",2260200208,100310,100.8,0.32,4.464,1.611,0.019,0.015,"226"
"1465",2260200205,100310,126,0.15,2.82,0.368,0.001,0.008,"226"
"1466",2260200204,100310,150.2,0.06,2.675,0.118,0,0.003,"226"
"1467",2260200203,100310,175.3,0.03,1.842,0.026,0,0.001,"226"
"1482",2270200320,112110,5.7,0.07,3.037,2.028,0.01,0.007,"227"
"1485",2270200317,112110,25.2,0.09,3.996,2.2,0.01,0.007,"227"
"1488",2270200314,112110,45,0.1,4.231,2.244,0.012,0.007,"227"
"1491",2270200311,112110,75.2,0.15,3.989,2.321,0.01,0.005,"227"
"1494",2270200308,112110,100.3,0.22,5.073,1.751,0.009,0.013,"227"
"1497",2270200305,112110,125.6,0.18,3.912,0.602,0.001,0.014,"227"
"1498",2270200304,112110,150.2,0.08,2.813,0.12,0,0.003,"227"
"1499",2270200303,112110,175.3,0.04,2.686,0.035,0,0.002,"227"
"1513",2280200218,10911,6.7,0.15,4.111,1.676,0.028,0.009,"228"
"1516",2280200215,10911,26.6,0.14,4.161,1.745,0.031,0.011,"228"
"1519",2280200212,10911,46.2,0.12,4.206,1.703,0.027,0.01,"228"
"1522",2280200209,10911,76.6,0.15,4.137,1.734,0.027,0.01,"228"
"1524",2280200207,10911,101.6,0.18,2.802,1.551,0.021,0.015,"228"
"1528",2280200203,10911,125.5,0.12,2.458,0.418,0,0.009,"228"
"1529",2280200202,10911,149.6,0.05,2.125,0.044,0,0.002,"228"
"1530",2280200201,10911,175.1,0.02,1.781,0.015,0,0.001,"228"
"1533",2290200920,12911,6.7,0.07,4.483,1.687,0.021,0.012,"229"
"1536",2290200917,12911,24.9,0.06,4.621,1.653,0.017,0.011,"229"
"1539",2290200914,12911,45.8,0.08,4.434,1.598,0.016,0.011,"229"
"1542",2290200911,12911,74.9,0.11,4.413,2.021,0.022,0.012,"229"
"1545",2290200908,12911,100,0.18,4.228,1.633,0.01,0.013,"229"
"1548",2290200905,12911,124.5,0.24,2.539,0.489,0,0.011,"229"
"1549",2290200904,12911,150.4,0.07,2.114,0.094,0,0.003,"229"
"1550",2290200903,12911,176.1,0.01,1.609,0.006,0,0,"229"
"1564",2300200220,22811,6.8,0.08,4.4,1.526,0.016,0.008,"230"
"1567",2300200217,22811,24.8,0.07,4.305,1.458,0.03,0.01,"230"
"1570",2300200214,22811,46.3,0.07,4.441,1.574,0.025,0.009,"230"
"1576",2300200208,22811,100.7,0.18,3.769,2.116,0.026,0.018,"230"
"1579",2300200205,22811,125.7,0.25,3.26,0.733,0.002,0.022,"230"
"1580",2300200204,22811,150.4,0.06,2.232,0.127,0,0.004,"230"
"1581",2300200203,22811,175.1,0.03,1.847,0.032,0,0.001,"230"
"1595",2310200220,41111,4.6,0.08,4.474,1.709,0.013,0.008,"231"
"1598",2310200217,41111,25.4,0.09,4.68,1.574,0.012,0.01,"231"
"1601",2310200214,41111,45.5,0.11,5.11,1.731,0.019,0.008,"231"
"1604",2310200211,41111,75,0.12,5.021,1.997,0.015,0.008,"231"
"1607",2310200208,41111,102.5,0.13,4.56,2.267,0.016,0.007,"231"
"1609",2310200206,41111,125.1,NA,4.113,2.272,0.011,0.008,"231"
"1611",2310200204,41111,150.3,0.08,2.92,0.171,0.001,0.004,"231"
"1612",2310200203,41111,175.9,0.03,2.897,0.054,0,0.002,"231"
"1627",2320200218,50911,5.9,0.12,3.996,1.829,0.013,0.006,"232"
"1630",2320200215,50911,24.1,0.12,4.152,1.83,0.014,0.006,"232"
"1633",2320200212,50911,44,0.12,4.193,1.828,0.014,0.008,"232"
"1636",2320200209,50911,74.2,0.21,4.649,1.703,0.012,0.006,"232"
"1639",2320200206,50911,99.4,0.25,4.299,1.041,0.008,0.003,"232"
"1642",2320200203,50911,123.9,0.18,4.286,0.395,0.003,0.003,"232"
"1643",2320200202,50911,149.6,0.12,3.049,0.22,0,0.006,"232"
"1644",2320200201,50911,175.5,0.07,2.904,0.126,0,0.002,"232"
"1659",2330200218,71911,5.7,0.07,4.813,1.735,0.01,0.011,"233"
"1662",2330200215,71911,24.5,0.07,4.909,1.649,0.01,0.011,"233"
"1665",2330200212,71911,44.6,0.07,4.871,1.758,0.01,0.009,"233"
"1667",2330200209,71911,74.7,0.16,3.543,1.922,0.015,0.011,"233"
"1670",2330200206,71911,99.8,0.24,3.847,1.857,0.011,0.008,"233"
"1673",2330200203,71911,124.1,0.25,2.924,1.084,0.007,0.014,"233"
"1674",2330200202,71911,149.5,0.2,2.945,0.447,0,0.014,"233"
"1675",2330200201,71911,174.7,0.08,2.172,0.118,0,0.003,"233"
"1702",2340200820,83111,5.6,0.1,4.231,1.56,0.009,0.008,"234"
"1705",2340200817,83111,25.7,0.11,5.216,2.052,0.01,0.006,"234"
"1708",2340200814,83111,45.6,0.12,5.543,2.736,0.01,0.005,"234"
"1711",2340200811,83111,74.8,0.21,4.095,2.016,0.013,0.006,"234"
"1714",2340200808,83111,99.7,0.25,3.539,0.911,0.002,0.016,"234"
"1717",2340200805,83111,124.9,0.12,2.689,0.308,0,0.007,"234"
"1718",2340200804,83111,149.6,0.07,1.763,0.129,0,0.003,"234"
"1719",2340200803,83111,173.7,0.04,1.995,0.061,0,0.001,"234"
"1733",2350200620,92711,5.8,0.08,5.591,2.305,0.009,0.006,"235"
"1736",2350200617,92711,25.7,0.09,5.663,2.55,0.012,0.006,"235"
"1739",2350200614,92711,45.3,0.14,5.1,2.536,0.011,0.008,"235"
"1742",2350200611,92711,75.9,0.21,5.357,2.562,0.024,0.008,"235"
"1745",2350200608,92711,100.9,0.29,4.729,1.706,0.021,0.008,"235"
"1747",2350200605,92711,125.5,0.23,3.997,0.709,0.001,0.016,"235"
"1748",2350200604,92711,150.4,0.09,2.51,0.188,0,0.006,"235"
"1749",2350200603,92711,175.9,0.04,2.233,0.079,0,0.002,"235"
"1752",2360200222,110411,5.7,0.14,5.061,2.348,0.015,0.009,"236"
"1755",2360200219,110411,26,0.14,5.158,2.409,0.017,0.01,"236"
"1758",2360200216,110411,47.1,0.17,5.059,2.309,0.013,0.01,"236"
"1761",2360200213,110411,78.5,0.35,4.607,1.391,0.008,0.029,"236"
"1764",2360200210,110411,99.9,0.31,3.888,0.698,0.002,0.025,"236"
"1767",2360200207,110411,126.7,0.11,3.186,0.237,0,0.007,"236"
"1768",2360200206,110411,152.8,0.06,2.579,0.085,0,0.004,"236"
"1769",2360200205,110411,181,0.03,2.094,0.02,0,0.001,"236"
"1795",2370200620,112911,5.6,0.22,5.073,1.532,0.03,0.019,"237"
"1798",2370200617,112911,24.8,0.27,4.892,1.546,0.033,0.017,"237"
"1800",2370200614,112911,45.5,0.26,4.932,1.512,0.03,0.017,"237"
"1803",2370200611,112911,74.2,0.21,5.258,1.553,0.031,0.018,"237"
"1806",2370200608,112911,99.6,0.21,4.926,1.433,0.028,0.016,"237"
"1809",2370200605,112911,124.1,0.09,3.609,0.353,0,0.01,"237"
"1810",2370200604,112911,149.4,0.09,2.93,0.208,0,0.006,"237"
"1811",2370200603,112911,175.6,0.03,2.267,0.038,0,0.001,"237"
"1814",2380200822,122011,5.6,0.19,4.92,2.17,0.052,0.014,"238"
"1817",2380200817,122011,24.9,0.17,4.917,2.143,0.05,0.017,"238"
"1820",2380200814,122011,44.8,0.16,4.892,2.207,0.049,0.014,"238"
"1823",2380200811,122011,73.8,0.23,4.884,1.664,0.041,0.011,"238"
"1826",2380200808,122011,99.4,0.2,4.838,0.728,0.015,0.009,"238"
"1828",2380200806,122011,124,NA,3.213,0.125,0.001,0.004,"238"
"1830",2380200804,122011,149.8,0.07,2.769,0.077,0,0.003,"238"
"1831",2380200803,122011,174.1,0.03,2.206,0.024,0,0,"238"
"1846",2390200222,11812,5.6,0.16,4.31,1.639,0.026,0.009,"239"
"1849",2390200219,11812,25.8,0.16,3.95,1.734,0.03,0.011,"239"
"1852",2390200216,11812,44.4,0.16,4.132,1.742,0.03,0.009,"239"
"1855",2390200213,11812,75.7,0.29,4.322,1.548,0.025,0.01,"239"
"1858",2390200210,11812,100.2,0.15,4.188,1.194,0.02,0.007,"239"
"1860",2390200207,11812,127.5,NA,3.99,0.418,0.005,0.011,"239"
"1861",2390200206,11812,151.8,NA,2.402,0.098,0,0.002,"239"
"1862",2390200205,11812,175.2,0.04,2.244,0.046,0,0.001,"239"
"1888",2410200120,50112,5.7,0.09,4.441,1.798,0.015,0.011,"241"
"1891",2410200117,50112,23.9,0.09,4.919,2.04,0.017,0.01,"241"
"1894",2410200114,50112,46.1,0.08,4.749,2.05,0.018,0.01,"241"
"1897",2410200111,50112,78.2,0.17,4.912,2.445,0.019,0.008,"241"
"1900",2410200108,50112,101.1,0.24,5.025,1.815,0.014,0.011,"241"
"1903",2410200105,50112,125.5,0.15,3.369,0.41,0.001,0.012,"241"
"1904",2410200104,50112,148.8,0.13,3.782,0.275,0.001,0.008,"241"
"1905",2410200103,50112,172.8,0.1,3.392,0.197,0.001,0.005,"241"
"1920",2420200120,53012,4.5,0.03,3.995,1.283,0.01,0.008,"242"
"1923",2420200117,53012,24.4,0.06,3.996,1.297,0.014,0.009,"242"
"1926",2420200114,53012,45.6,0.07,3.935,1.987,0.013,0.012,"242"
"1929",2420200111,53012,73.8,0.11,4.701,2.131,0.014,0.008,"242"
"1932",2420200108,53012,100.9,0.15,4.494,1.616,0.008,0.009,"242"
"1935",2420200105,53012,123.9,0.16,3.39,1.652,0.008,0.01,"242"
"1936",2420200104,53012,148.9,0.21,3.083,0.603,0,0.021,"242"
"1937",2420200103,53012,177.2,0.08,2.674,0.151,0,0.004,"242"
"1952",2430200122,62612,5,0.08,4.973,1.719,0.012,0.012,"243"
"1955",2430200118,62612,24.8,0.07,4.419,1.706,0.012,0.012,"243"
"1958",2430200115,62612,45.4,0.08,4.63,1.642,0.012,0.011,"243"
"1961",2430200112,62612,75.1,0.11,4.692,2.272,0.016,0.01,"243"
"1964",2430200109,62612,99.5,0.22,3.578,1.322,0.009,0.02,"243"
"1967",2430200106,62612,125.2,0.17,3.057,0.412,0,0.013,"243"
"1968",2430200105,62612,149.6,0.08,2.676,0.177,0,0.007,"243"
"1969",2430200104,62612,174.7,0.04,2.394,0.111,0,0.005,"243"
"1984",2440200220,73112,6.7,0.07,4.81,2.24,0.009,0.007,"244"
"1987",2440200217,73112,24.4,0.07,5.015,2.224,0.01,0.007,"244"
"1990",2440200214,73112,45.4,0.1,5.236,2.63,0.016,0.007,"244"
"1993",2440200211,73112,75.7,0.16,5.058,2.62,0.016,0.009,"244"
"1996",2440200208,73112,100.3,0.19,3.989,1.533,0.006,0.008,"244"
"1999",2440200205,73112,124.6,0.16,3.21,0.448,0.001,0.012,"244"
"2000",2440200204,73112,150.3,0.07,2.79,0.157,0,0.005,"244"
"2001",2440200203,73112,175.8,0.03,2.289,0.051,0,0.001,"244"
"2016",2450200120,81712,5.2,0.07,5.609,2.281,0.013,0.014,"245"
"2019",2450200117,81712,24.7,0.08,6.609,2.393,0.02,0.01,"245"
"2022",2450200114,81712,45.4,0.09,6.548,2.341,0.023,0.011,"245"
"2025",2450200111,81712,75.3,0.21,5.14,2.634,0.025,0.009,"245"
"2028",2450200108,81712,100.3,0.23,4.276,1.397,0.004,0.009,"245"
"2031",2450200105,81712,126.3,0.19,3.306,0.703,0,0.015,"245"
"2032",2450200104,81712,150.4,0.08,2.837,0.23,0,0.005,"245"
"2033",2450200103,81712,175.7,0.04,2.423,0.078,0,0.003,"245"
"2048",2460200122,91412,5.5,0.07,5.099,1.53,0.009,0.01,"246"
"2051",2460200119,91412,24.6,0.07,5.21,1.307,0.009,0.011,"246"
"2054",2460200116,91412,45.5,0.07,4.897,1.779,0.01,0.009,"246"
"2057",2460200113,91412,75.3,0.11,5.572,1.898,0.012,0.008,"246"
"2060",2460200110,91412,100.5,0.2,4.229,1.119,0.003,0.012,"246"
"2063",2460200107,91412,124.5,0.19,3.613,0.581,0.001,0.012,"246"
"2064",2460200104,91412,149.9,0.11,3.255,0.255,0,0.008,"246"
"2065",2460200103,91412,174.9,0.07,2.771,0.155,0,0.004,"246"
"2080",2470200119,100712,5.6,0.06,5.664,1.593,0.014,0.005,"247"
"2083",2470200116,100712,25.2,0.06,5.315,1.745,0.011,0.005,"247"
"2086",2470200113,100712,45.3,0.07,4.798,1.958,0.016,0.007,"247"
"2089",2470200110,100712,75.4,0.13,5.528,2.081,0.022,0.008,"247"
"2092",2470200107,100712,100.2,0.22,3.871,1.512,0.008,0.008,"247"
"2095",2470200104,100712,125.5,0.17,3.03,0.482,0,0.01,"247"
"2096",2470200103,100712,150.1,0.09,2.975,0.177,0,0.005,"247"
"2097",2470200102,100712,174.6,0.04,2.065,0.055,0,0.001,"247"
"2111",2480200120,120312,5.9,0.12,4.034,2.34,0.01,0.006,"248"
"2114",2480200117,120312,25.5,0.12,4.159,2.364,0.01,0.006,"248"
"2117",2480200114,120312,44.3,0.12,4.082,2.333,0.012,0.008,"248"
"2120",2480200111,120312,75.4,0.15,4.085,2.18,0.009,0.006,"248"
"2123",2480200108,120312,100.1,0.25,3.467,1.098,0.001,0.022,"248"
"2126",2480200105,120312,124.8,0.13,2.652,0.368,0,0.009,"248"
"2127",2480200104,120312,150.9,0.03,2.34,0.027,0,0.001,"248"
"2128",2480200103,120312,176.2,0.01,1.874,0.006,0,0.001,"248"
"2141",2490200120,21213,7.9,0.08,4.755,2.246,0.029,0.02,"249"
"2144",2490200117,21213,25.4,0.09,4.953,2.219,0.03,0.017,"249"
"2147",2490200114,21213,45.6,0.1,4.983,2.304,0.029,0.017,"249"
"2150",2490200111,21213,75.1,0.13,4.336,2.357,0.033,0.011,"249"
"2153",2490200108,21213,100,0.19,4.301,2.424,0.03,0.012,"249"
"2156",2490200105,21213,124.3,0.24,4.42,1.142,0.003,0.023,"249"
"2157",2490200104,21213,150,0.15,2.825,0.433,0,0.01,"249"
"2158",2490200103,21213,175.2,0.05,2.181,0.045,0,0.002,"249"
"2172",2500200221,30613,6.4,0.14,4.431,2.176,0.047,0.02,"250"
"2175",2500200218,30613,25.2,NA,4.808,2.267,0.045,0.02,"250"
"2178",2500200215,30613,45.2,0.17,4.498,2.414,0.054,0.017,"250"
"2180",2500200212,30613,76.4,0.26,4.868,1.889,0.035,0.012,"250"
"2183",2500200209,30613,99.5,0.24,4.727,1.102,0.019,0.011,"250"
"2186",2500200206,30613,124.9,0.18,3.776,0.669,0.014,0.014,"250"
"2189",2500200203,30613,176.5,0.08,2.841,0.185,0,0.005,"250"
"2203",2510200121,40513,5.3,0.08,4.476,2.192,0.024,0.017,"251"
"2206",2510200117,40513,25.4,0.08,3.839,2.084,0.024,0.013,"251"
"2209",2510200114,40513,45.9,0.09,3.706,2.612,0.027,0.014,"251"
"2212",2510200111,40513,75.7,0.17,3.226,2.627,0.027,0.014,"251"
"2215",2510200108,40513,100,0.2,5.588,2.175,0.021,0.016,"251"
"2217",2510200105,40513,125.2,0.22,4.254,0.729,0.003,0.016,"251"
"2218",2510200104,40513,149,0.14,3.916,0.347,0.001,0.009,"251"
"2219",2510200103,40513,174.2,0.06,3.092,0.07,0,0.003,"251"
"2233",2520200222,51713,7.3,0.07,5.228,1.794,0.014,0.014,"252"
"2236",2520200218,51713,25,0.07,5.131,1.886,0.012,0.017,"252"
"2239",2520200215,51713,45.3,0.09,5.723,2.321,0.018,0.017,"252"
"2242",2520200212,51713,75.5,0.14,4.561,2.618,0.015,0.012,"252"
"2245",2520200209,51713,100.4,0.2,3.99,3.363,0.01,0.01,"252"
"2248",2520200206,51713,124.8,0.19,3.196,0.571,0,0.016,"252"
"2249",2520200205,51713,149.8,0.14,3.386,0.186,0,0.006,"252"
"2250",2520200204,51713,175.6,0.08,3.107,0.12,0,0.005,"252"
"2264",2530200222,62513,8,0.08,3.638,2.13,0.009,0.007,"253"
"2267",2530200218,62513,25.9,0.09,4.247,2.169,0.008,0.01,"253"
"2270",2530200215,62513,45.1,NA,3.125,3.532,0.013,0.014,"253"
"2273",2530200212,62513,76.1,0.25,3.926,2.3,0.013,0.009,"253"
"2276",2530200209,62513,101.8,0.25,3.831,0.806,0.001,0.03,"253"
"2279",2530200206,62513,125.7,0.15,3.192,0.241,0,0.008,"253"
"2280",2530200205,62513,149.9,0.07,2.397,0.164,0,0.005,"253"
"2281",2530200204,62513,175.5,0.04,2.426,0.05,0,0.002,"253"
"2294",2540200120,91113,6.8,0.09,5.676,2.294,0.008,0.005,"254"
"2297",2540200117,91113,25.4,0.08,5.864,2.197,0.006,0.006,"254"
"2300",2540200114,91113,45.2,0.09,5.852,2.272,0.008,0.005,"254"
"2303",2540200111,91113,75.6,0.17,4.826,2.45,0.014,0.006,"254"
"2306",2540200108,91113,101.3,0.19,3.673,1.32,0.002,0.014,"254"
"2309",2540200105,91113,125.8,0.17,2.883,0.538,0,0.013,"254"
"2310",2540200104,91113,151.2,0.04,2.513,0.048,0,0.002,"254"
"2311",2540200103,91113,175.5,0.02,1.929,0.006,0,0,"254"
"2356",2560200121,102713,7.7,0.09,5.518,2.615,0.019,0.012,"256"
"2360",2560200117,102713,25.4,0.1,5.842,2.597,0.017,0.013,"256"
"2363",2560200114,102713,45.7,0.09,5.729,2.575,0.019,0.012,"256"
"2366",2560200111,102713,75.5,0.19,4.757,2.809,0.026,0.014,"256"
"2369",2560200108,102713,100.2,0.24,4.064,1.039,0.003,0.025,"256"
"2372",2560200105,102713,124.8,0.17,3.48,0.315,0.001,0.011,"256"
"2373",2560200104,102713,151,0.07,2.993,0.089,0,0.003,"256"
"2374",2560200103,102713,175.6,0.04,2.778,0.034,0,0.002,"256"
"2389",2570200121,112613,7.6,0.12,5.425,2.384,0.01,0.01,"257"
"2392",2570200117,112613,25.2,0.11,5.776,2.512,0.011,0.008,"257"
"2395",2570200114,112613,45.7,0.11,5.682,2.66,0.01,0.011,"257"
"2398",2570200111,112613,74.3,0.21,5.214,3.047,0.031,0.011,"257"
"2401",2570200108,112613,100.7,0.24,4.539,1.049,0.005,0.014,"257"
"2404",2570200105,112613,126.3,0.12,3.534,0.367,0,0.013,"257"
"2405",2570200104,112613,150.6,0.06,3.069,0.127,0,0.004,"257"
"2406",2570200103,112613,175.6,0.03,2.428,0.018,0,0.001,"257"
"2419",2580200121,122013,7.5,0.13,4.586,2.414,0.011,0.009,"258"
"2422",2580200118,122013,25.2,0.1,4.392,2.287,0.011,0.008,"258"
"2425",2580200115,122013,45.6,0.12,4.705,2.339,0.011,0.008,"258"
"2428",2580200112,122013,74.8,0.19,3.757,2.082,0.009,0.01,"258"
"2431",2580200109,122013,100.5,0.27,3.295,1.048,0.001,0.027,"258"
"2434",2580200106,122013,125.6,0.12,2.66,0.302,0,0.008,"258"
"2436",2580200104,122013,149.5,0.03,2.097,0.02,0,0.001,"258"
"2437",2580200103,122013,174.3,0.01,1.869,0.002,0,0,"258"
"2450",2590200121,11514,6.3,0.08,4.088,2.089,0.011,0.01,"259"
"2453",2590200118,11514,23.8,0.08,4.046,2.141,0.008,0.011,"259"
"2456",2590200115,11514,45.9,0.1,3.813,2.227,0.012,0.011,"259"
"2459",2590200112,11514,75.9,0.12,4.129,2.243,0.01,0.011,"259"
"2462",2590200109,11514,101.1,0.17,3.768,2.428,0.011,0.01,"259"
"2465",2590200106,11514,126.2,0.27,3.262,0.921,0,0.03,"259"
"2467",2590200104,11514,150.8,0.05,2.223,0.113,0,0.004,"259"
"2468",2590200103,11514,175.4,0.02,2.058,0.007,0,0,"259"
"2483",2600200120,21414,7.8,0.1,4.156,2.02,0.033,0.013,"260"
"2486",2600200117,21414,26.2,0.1,3.962,2.024,0.033,0.013,"260"
"2489",2600200114,21414,44.2,0.11,3.761,1.931,0.035,0.014,"260"
"2492",2600200111,21414,74.9,0.2,4.087,1.642,0.018,0.013,"260"
"2495",2600200108,21414,100.4,0.22,3.702,0.794,0.002,0.021,"260"
"2498",2600200105,21414,125.4,0.14,2.683,0.374,0.001,0.01,"260"
"2499",2600200104,21414,151.1,0.07,2.171,0.189,0,0.005,"260"
"2500",2600200103,21414,174.7,0.02,1.783,0.008,0,0.001,"260"
"2515",2610200120,30514,7,0.09,5.248,2.375,0.032,0.015,"261"
"2518",2610200117,30514,24.8,0.09,4.975,2.359,0.032,0.016,"261"
"2521",2610200114,30514,46.4,0.09,5.125,2.404,0.033,0.018,"261"
"2524",2610200111,30514,75.5,0.2,4.188,2.542,0.025,0.015,"261"
"2527",2610200108,30514,100.5,0.23,4.179,0.795,0.003,0.025,"261"
"2530",2610200105,30514,124.2,0.1,2.509,0.272,0,0.008,"261"
"2531",2610200104,30514,150.7,0.06,2.189,0.114,0,0.003,"261"
"2532",2610200103,30514,174.5,0.02,1.939,0.011,0,0.001,"261"
"2547",2620200120,41014,4.5,0.09,3.861,1.516,0.018,0.008,"262"
"2550",2620200117,41014,23.9,0.08,3.929,1.551,0.015,0.008,"262"
"2553",2620200114,41014,45,0.09,3.99,1.532,0.015,0.009,"262"
"2556",2620200111,41014,72.8,0.15,4.004,2.253,0.023,0.007,"262"
"2559",2620200108,41014,99.2,0.22,3.428,2.19,0.022,0.007,"262"
"2562",2620200105,41014,124.8,0.28,3.456,0.928,0.013,0.011,"262"
"2563",2620200104,41014,149.1,0.24,3.627,0.644,0.01,0.007,"262"
"2564",2620200103,41014,175,0.16,3.455,0.326,0.004,0.011,"262"
"2579",2630200721,60114,5.4,0.07,4.837,1.662,0.023,0.009,"263"
"2582",2630200717,60114,24.7,0.06,4.696,1.979,0.018,0.009,"263"
"2585",2630200714,60114,44.8,0.08,4.408,2.116,0.017,0.007,"263"
"2588",2630200711,60114,75.4,0.15,3.36,2.261,0.014,0.006,"263"
"2591",2630200708,60114,100.2,0.27,3.486,0.961,0,0.032,"263"
"2594",2630200705,60114,125.6,0.17,2.707,0.523,0,0.016,"263"
"2595",2630200704,60114,149.4,0.08,2.482,0.166,0,0.005,"263"
"2596",2630200703,60114,174.4,0.02,2.284,0.01,0,0.001,"263"
"2611",2640200121,63014,5.1,0.1,5.678,1.831,0.016,0.01,"264"
"2614",2640200118,63014,24.9,0.06,5.778,2.042,0.015,0.011,"264"
"2617",2640200115,63014,45.2,0.09,5.103,2.317,0.017,0.013,"264"
"2620",2640200112,63014,75.7,0.13,4.042,2.43,0.017,0.014,"264"
"2623",2640200109,63014,100,0.15,3.194,1.97,0.009,0.011,"264"
"2626",2640200105,63014,124.4,0.23,3.086,0.736,0,0.022,"264"
"2627",2640200104,63014,150.1,0.08,2.414,0.147,0,0.006,"264"
"2628",2640200103,63014,175,0.03,1.879,0.051,0,0.002,"264"
"2642",2650200120,91414,7.7,0.06,5.684,2.25,0.012,0.008,"265"
"2644",2650200117,91414,25.6,0.07,6.079,2.675,0.017,0.008,"265"
"2647",2650200114,91414,45.1,NA,6.736,3.049,0.013,0.007,"265"
"2650",2650200111,91414,75.3,NA,7.889,3.555,0.043,0.01,"265"
"2653",2650200108,91414,100.2,0.25,3.297,0.95,0.005,0.032,"265"
"2656",2650200105,91414,125.1,0.13,3.604,0.373,0.001,0.011,"265"
"2657",2650200104,91414,150.1,0.07,3.688,0.195,0,0.005,"265"
"2658",2650200103,91414,174.5,0.03,2.143,0.049,0,0.001,"265"
"2673",2660200120,101314,8,0.12,5.767,2.245,0.008,0.007,"266"
"2676",2660200117,101314,24.9,0.1,5.891,2.557,0.008,0.006,"266"
"2679",2660200114,101314,45.8,0.13,6.371,2.728,0.01,0.008,"266"
"2682",2660200111,101314,74.1,0.22,4.757,3.001,0.024,0.011,"266"
"2685",2660200108,101314,100.3,0.23,3.971,0.829,0.005,0.016,"266"
"2688",2660200105,101314,124.6,0.07,2.85,0.191,0,0.007,"266"
"2689",2660200104,101314,150.8,0.04,2.362,0.074,0,0.002,"266"
"2690",2660200103,101314,175.5,0.02,2.358,0.02,0,0.001,"266"
"2704",2670200120,112114,6.9,0.17,5.039,2.568,0.015,0.012,"267"
"2706",2670200117,112114,25.4,0.16,4.802,2.798,0.021,0.012,"267"
"2709",2670200114,112114,44.7,0.16,5.433,2.615,0.016,0.012,"267"
"2712",2670200111,112114,74.4,0.23,5.304,1.596,0.013,0.011,"267"
"2715",2670200108,112114,100.4,0.21,3.695,0.802,0.001,0.023,"267"
"2718",2670200105,112114,125.4,0.12,2.998,0.234,0,0.009,"267"
"2719",2670200104,112114,150.3,0.06,2.703,0.084,0,0.004,"267"
"2720",2670200103,112114,175.9,0.03,2.625,0.035,0,0.002,"267"
"2734",2680200120,121614,7.4,0.15,4.922,1.896,0.015,0.006,"268"
"2737",2680200117,121614,25.1,0.15,4.94,2.057,0.017,0.007,"268"
"2740",2680200114,121614,44.5,0.15,4.665,1.93,0.016,0.007,"268"
"2743",2680200111,121614,75.3,0.16,5.692,1.952,0.016,0.006,"268"
"2746",2680200108,121614,100.6,0.17,3.597,1.023,0.005,0.01,"268"
"2749",2680200105,121614,125.5,0.1,3.204,0.254,0,0.005,"268"
"2750",2680200104,121614,149.2,0.02,2.577,0.07,0,0.001,"268"
"2751",2680200103,121614,175.5,0.01,2.174,0.013,0,0.001,"268"
"2764",2690200120,22415,4.7,0.09,4.709,2.407,0.032,0.011,"269"
"2767",2690200117,22415,25.4,0.1,4.588,2.467,0.031,0.016,"269"
"2770",2690200114,22415,47.4,0.1,5.065,2.909,0.043,0.016,"269"
"2773",2690200111,22415,75.5,0.11,4.899,2.892,0.049,0.019,"269"
"2776",2690200108,22415,100.4,0.26,5.181,1.357,0.029,0.027,"269"
"2779",2690200105,22415,124.4,0.25,5.042,1.058,0.028,0.015,"269"
"2782",2690200102,22415,150.6,0.08,3,0.174,0.001,0.005,"269"
"2783",2690200101,22415,174.6,0.03,1.974,0.047,0,0.002,"269"
"2798",2700200120,32815,4.8,0.1,4.672,2.178,0.042,0.013,"270"
"2801",2700200117,32815,24.6,0.11,4.245,2.405,0.039,0.014,"270"
"2804",2700200114,32815,44.8,0.1,4.79,2.236,0.043,0.013,"270"
"2807",2700200111,32815,75,NA,4.046,2.452,0.042,0.018,"270"
"2809",2700200108,32815,99.9,0.15,4.268,2.287,0.034,0.015,"270"
"2812",2700200105,32815,125.2,0.27,4.29,1.128,0.008,0.041,"270"
"2813",2700200104,32815,150.7,0.2,3.37,0.575,0.002,0.024,"270"
"2814",2700200103,32815,174.4,0.05,2.512,0.119,0,0.009,"270"
"2828",2710200120,42115,5.5,0.07,5.355,1.744,0.018,0.014,"271"
"2831",2710200117,42115,24.4,0.07,5.377,1.791,0.016,0.014,"271"
"2834",2710200114,42115,44.5,0.07,5.676,2.135,0.024,0.013,"271"
"2837",2710200111,42115,75.2,0.11,5.05,2.227,0.021,0.01,"271"
"2840",2710200108,42115,100.3,0.32,4.677,1.62,0.003,0.029,"271"
"2843",2710200105,42115,123.4,0.2,3.167,0.475,0.002,0.014,"271"
"2844",2710200104,42115,150.7,0.08,2.785,0.162,0,0.006,"271"
"2845",2710200103,42115,175.2,0.04,2.505,0.037,0,0.003,"271"
"2860",2720200222,52315,6.9,0.09,4.891,1.828,0.016,0.009,"272"
"2863",2720200217,52315,26.5,0.1,4.915,1.805,0.011,0.014,"272"
"2866",2720200214,52315,45.7,0.11,4.562,1.936,0.012,0.013,"272"
"2869",2720200211,52315,75.2,0.16,5.196,2.426,0.011,0.013,"272"
"2872",2720200208,52315,99.9,0.24,4.443,2.761,0.022,0.009,"272"
"2875",2720200205,52315,126.4,0.31,3.86,1.886,0.014,0.019,"272"
"2876",2720200204,52315,150.3,0.26,3.195,0.641,0.001,0.021,"272"
"2877",2720200203,52315,175.3,0.11,2.537,0.254,0,0.008,"272"
"2892",2730200220,61915,8.1,0.06,5.385,1.838,0.016,0.009,"273"
"2895",2730200217,61915,24.2,0.06,5.328,1.723,0.013,0.01,"273"
"2898",2730200214,61915,46.3,0.06,6.005,2.225,0.017,0.01,"273"
"2901",2730200211,61915,76.3,0.09,5.647,2.447,0.022,0.01,"273"
"2904",2730200208,61915,101.3,0.14,5.523,2.85,0.021,0.01,"273"
"2907",2730200205,61915,125.1,0.21,4.389,2.8,0.024,0.009,"273"
"2908",2730200204,61915,150.3,0.14,3.282,0.533,0,0.023,"273"
"2909",2730200203,61915,175.1,0.07,2.632,0.189,0,0.01,"273"
"2924",2740200218,71915,6.9,0.06,3.857,1.849,0.011,0.004,"274"
"2927",2740200215,71915,24.7,0.05,4.102,1.689,0.008,0.005,"274"
"2929",2740200212,71915,44.7,0.07,4.456,2.104,0.011,0.01,"274"
"2932",2740200209,71915,74.8,0.12,4.717,2.319,0.017,0.008,"274"
"2935",2740200206,71915,99.8,0.15,3.337,1.414,0.004,0.017,"274"
"2938",2740200203,71915,124.5,0.11,2.49,0.444,0,0.023,"274"
"2939",2740200202,71915,149.6,0.07,2.288,0.208,0,0.015,"274"
"2940",2740200201,71915,174.9,0.02,2.102,0.055,0,0.008,"274"
"2954",2750200120,81215,4.8,0.07,4.828,1.652,0.006,0.009,"275"
"2956",2750200117,81215,25.1,0.09,4.697,1.584,0.008,0.009,"275"
"2959",2750200114,81215,45.7,0.1,4.991,2.282,0.012,0.01,"275"
"2962",2750200111,81215,75.2,0.18,3.674,2.093,0.016,0.011,"275"
"2965",2750200108,81215,102.2,0.19,3.066,0.606,0,0.034,"275"
"2967",2750200105,81215,125.6,0.11,2.552,0.451,0,0.027,"275"
"2968",2750200104,81215,151.1,0.05,1.913,0.107,0,0.013,"275"
"2969",2750200103,81215,176.3,0.02,1.73,0.014,0,0.004,"275"
"2982",2770200120,101315,5.2,0.11,4.516,2.807,0.01,0.008,"277"
"2985",2770200117,101315,24.9,0.11,5.197,2.841,0.011,0.01,"277"
"2988",2770200114,101315,45.5,0.14,4.02,2.962,0.009,0.009,"277"
"2991",2770200111,101315,74.4,0.21,4.12,2.523,0.017,0.011,"277"
"2993",2770200108,101315,99.8,0.24,4.158,1.375,0.008,0.016,"277"
"2996",2770200105,101315,125.5,0.15,3.111,0.426,0,0.016,"277"
"2997",2770200104,101315,149.8,0.06,1.984,0.125,0,0.005,"277"
"2998",2770200103,101315,176.5,0.02,1.671,0.011,0,0.001,"277"
"3012",2780200721,111415,5.4,0.15,6.186,2.124,0.009,0.01,"278"
"3015",2780200717,111415,25.3,0.17,5.626,2.205,0.01,0.009,"278"
"3018",2780200714,111415,47,0.17,5.314,2.31,0.009,0.009,"278"
"3021",2780200711,111415,75.3,0.3,5.334,1.184,0.006,0.018,"278"
"3024",2780200708,111415,100.4,0.18,3.513,0.452,0.002,0.019,"278"
"3027",2780200705,111415,125,0.07,2.873,0.076,0,0.004,"278"
"3028",2780200704,111415,151,0.02,1.569,0.014,0,0.001,"278"
"3029",2780200703,111415,176.1,0.01,1.647,0.003,0,0.001,"278"
"3032",2790200120,120815,4.6,0.09,5.463,2.052,0.012,0.008,"279"
"3035",2790200117,120815,25.5,0.1,5.016,2.542,0.013,0.012,"279"
"3038",2790200114,120815,45,0.1,4.862,2.464,0.012,0.011,"279"
"3041",2790200111,120815,75.4,0.12,5.318,2.529,0.016,0.011,"279"
"3044",2790200108,120815,100.1,0.23,5.173,1.289,0.011,0.021,"279"
"3047",2790200105,120815,125.9,0.17,2.941,0.431,0,0.015,"279"
"3048",2790200104,120815,150.2,0.07,2.518,0.181,0,0.007,"279"
"3049",2790200103,120815,175.3,0.02,1.801,0.035,0,0.002,"279"
"3063",2800200120,11216,7.4,0.12,4.248,2.199,0.017,0.009,"280"
"3066",2800200117,11216,25.2,0.12,4.178,2.371,0.014,0.011,"280"
"3069",2800200114,11216,45.1,0.12,4.045,2.455,0.016,0.011,"280"
"3071",2800200111,11216,73.2,0.15,3.438,2.016,0.017,0.01,"280"
"3074",2800200108,11216,101.3,0.28,3.885,1.1,0.006,0.028,"280"
"3077",2800200105,11216,126.4,0.21,3.151,0.482,0,0.014,"280"
"3078",2800200104,11216,149.2,0.05,2.28,0.06,0,0.003,"280"
"3079",2800200103,11216,175.9,0.02,1.9,0.013,0,0,"280"
"3094",2810200120,20916,6.1,0.08,4.659,2.045,0.013,0.012,"281"
"3097",2810200117,20916,24.4,0.11,4.366,2.107,0.016,0.013,"281"
"3100",2810200114,20916,44.6,0.11,4.254,2.07,0.019,0.019,"281"
"3103",2810200111,20916,74.5,0.15,4.632,2.401,0.04,0.015,"281"
"3106",2810200108,20916,98,0.19,4.328,2.455,0.038,0.013,"281"
"3109",2810200105,20916,125.5,0.23,4.722,2.134,0.041,0.012,"281"
"3110",2810200104,20916,150.2,0.15,3.136,0.384,0.002,0.01,"281"
"3111",2810200103,20916,175,0.02,1.939,0.018,0,0.001,"281"
"3126",2820200120,30816,7.1,0.08,3.556,2.623,0.022,0.014,"282"
"3129",2820200117,30816,25.6,0.07,5.392,2.232,0.021,0.013,"282"
"3132",2820200114,30816,45.1,0.08,5.699,2.331,0.022,0.013,"282"
"3134",2820200111,30816,75.4,0.15,6.336,2.546,0.021,0.009,"282"
"3137",2820200108,30816,100.2,0.22,4.189,2.261,0.013,0.018,"282"
"3140",2820200105,30816,125.5,0.23,3.488,0.661,0,0.022,"282"
"3141",2820200104,30816,149,0.11,2.942,0.337,0,0.01,"282"
"3142",2820200103,30816,172.2,0.07,2.294,0.157,0,0.005,"282"
"3157",2830200821,41516,4.8,0.07,3.983,1.484,0.011,0.007,"283"
"3161",2830200817,41516,24.3,0.07,3.701,1.62,0.011,0.007,"283"
"3164",2830200814,41516,44.9,0.06,4.197,1.56,0.011,0.008,"283"
"3167",2830200811,41516,76.7,0.1,4.171,2.183,0.013,0.007,"283"
"3170",2830200808,41516,101.4,0.11,4.444,1.86,0.011,0.008,"283"
"3173",2830200805,41516,128.1,0.15,4.115,1.671,0.015,0.011,"283"
"3174",2830200804,41516,148.4,0.2,3.703,0.84,0.004,0.022,"283"
"3175",2830200803,41516,177.1,0.08,2.879,0.269,0,0.009,"283"
"3189",2840200118,52816,7.2,0.06,4.447,1.652,0.009,0.011,"284"
"3192",2840200115,52816,27,0.06,4.099,1.804,0.01,0.009,"284"
"3195",2840200112,52816,47.7,0.08,3.772,1.878,0.008,0.01,"284"
"3198",2840200109,52816,78.4,0.12,3.778,1.873,0.009,0.01,"284"
"3201",2840200106,52816,102.9,0.18,3.11,1.378,0.008,0.026,"284"
"3204",2840200103,52816,127.4,0.19,2.891,0.452,0.001,0.019,"284"
"3205",2840200102,52816,152.4,0.04,2.359,0.063,0,0.003,"284"
"3206",2840200101,52816,177.4,0.04,2.446,0.047,0,0.002,"284"
"3220",2850200118,71116,4.9,0.07,4.606,2.197,0.009,0.008,"285"
"3221",2850200117,71116,24.7,0.07,4.819,2.192,0.008,0.007,"285"
"3225",2850200113,71116,45.8,0.07,5.58,2.123,0.009,0.006,"285"
"3227",2850200111,71116,74.5,0.12,4.497,2.203,0.009,0.009,"285"
"3230",2850200108,71116,100.6,0.23,3.59,1.289,0.001,0.035,"285"
"3233",2850200105,71116,127.2,0.24,3.565,0.642,0,0.024,"285"
"3236",2850200102,71116,151,0.1,2.667,0.25,0,0.008,"285"
"3237",2850200101,71116,175.5,0.05,2.074,0.066,0,0.003,"285"
"3252",2860200722,81016,6.1,0.08,3.884,2.001,0.009,0.006,"286"
"3255",2860200718,81016,25.3,0.09,3.869,2.096,0.008,0.006,"286"
"3258",2860200715,81016,45.8,0.1,4.15,2.236,0.01,0.007,"286"
"3261",2860200712,81016,73.8,0.17,4.638,2.183,0.021,0.009,"286"
"3264",2860200708,81016,100.7,0.23,3.644,1.393,0.003,0.014,"286"
"3267",2860200705,81016,126.9,0.23,2.917,0.53,0,0.017,"286"
"3268",2860200704,81016,152.2,0.11,1.875,0.175,0,0.005,"286"
"3269",2860200703,81016,179,0.04,1.778,0.037,0,0.002,"286"
"3284",2870200120,101516,5.5,0.08,4.693,2.014,0.009,0.007,"287"
"3287",2870200117,101516,24.8,0.09,4.904,1.922,0.008,0.006,"287"
"3290",2870200114,101516,44.6,0.1,5.294,2.155,0.009,0.007,"287"
"3293",2870200111,101516,75.6,0.13,5.277,2.381,0.011,0.007,"287"
"3296",2870200108,101516,99.5,0.21,4.399,2.728,0.014,0.006,"287"
"3299",2870200105,101516,124.8,0.29,4.042,1.028,0.005,0.015,"287"
"3300",2870200104,101516,150.5,0.11,3.024,0.21,0,0.007,"287"
"3301",2870200103,101516,175.1,0.05,2.285,0.087,0,0.003,"287"
"3328",2890200721,12417,5.7,0.11,3.784,1.692,0.011,0.011,"289"
"3331",2890200717,12417,24.7,0.11,3.703,1.68,0.011,0.012,"289"
"3334",2890200714,12417,44.5,0.12,3.832,1.716,0.011,0.013,"289"
"3337",2890200711,12417,75,0.13,3.78,1.705,0.01,0.009,"289"
"3340",2890200708,12417,99.1,0.25,3.821,0.665,0,0.021,"289"
"3343",2890200705,12417,124.8,0.14,2.531,0.364,0,0.009,"289"
"3344",2890200704,12417,148.7,0.08,2.193,0.225,0,0.006,"289"
"3345",2890200703,12417,175.3,0.02,1.86,0.019,0,0.001,"289"
"3359",2900200621,22317,6.1,0.11,4.19,2.141,0.054,0.019,"290"
"3363",2900200617,22317,25.8,0.12,4.378,2.196,0.047,0.019,"290"
"3366",2900200614,22317,45.9,0.1,4.339,2.217,0.048,0.017,"290"
"3369",2900200611,22317,76.7,0.11,4.436,2.169,0.045,0.018,"290"
"3372",2900200608,22317,100.6,0.12,4.643,1.984,0.044,0.016,"290"
"3375",2900200605,22317,127.4,0.17,4.217,0.459,0.009,0.02,"290"
"3376",2900200604,22317,152.7,0.09,3.838,0.156,0.005,0.006,"290"
"3377",2900200603,22317,182.2,0.05,3.688,0.062,0.002,0.003,"290"
"3391",2910200118,32817,5.2,0.06,4.238,1.835,0.011,0.011,"291"
"3394",2910200115,32817,24,0.08,5.388,2.311,0.023,0.012,"291"
"3397",2910200112,32817,46,0.09,4.713,2.258,0.027,0.011,"291"
"3400",2910200109,32817,75.2,0.16,3.99,1.767,0.017,0.04,"291"
"3403",2910200106,32817,101.2,0.28,3.817,1.181,0.015,0.026,"291"
"3406",2910200103,32817,125.6,0.27,3.584,0.745,0.009,0.028,"291"
"3407",2910200102,32817,151.2,0.15,2.787,0.292,0,0.011,"291"
"3408",2910200101,32817,175.2,0.05,2.317,0.072,0,0.004,"291"
"3423",2920200120,42517,5.5,0.09,4.465,1.854,0.017,0.01,"292"
"3426",2920200117,42517,24.3,0.08,4.422,1.895,0.012,0.009,"292"
"3429",2920200114,42517,45.9,0.09,4.728,2.167,0.017,0.01,"292"
"3432",2920200111,42517,75.5,0.16,4.428,2.776,0.017,0.011,"292"
"3435",2920200108,42517,100.5,0.2,4.035,2.597,0.015,0.01,"292"
"3438",2920200105,42517,124.7,0.32,3.502,0.841,0.003,0.028,"292"
"3439",2920200104,42517,150.4,0.13,2.958,0.265,0,0.011,"292"
"3440",2920200103,42517,175.1,0.03,2.105,0.039,0,0.002,"292"
"3455",2930200120,52317,4.7,0.07,5.127,2.19,0.01,0.009,"293"
"3458",2930200117,52317,25.8,0.08,5.1,2.151,0.011,0.01,"293"
"3461",2930200114,52317,45.3,0.08,6.143,2.621,0.023,0.011,"293"
"3463",2930200112,52317,77.3,0.13,6.26,2.894,0.024,0.014,"293"
"3467",2930200108,52317,100.3,0.17,4.657,2.249,0.013,0.009,"293"
"3468",2930200105,52317,124.8,0.26,4.186,1.408,0.004,0.01,"293"
"3469",2930200104,52317,150.5,0.15,2.596,0.359,0,0.008,"293"
"3470",2930200103,52317,175.1,0.08,2.508,0.124,0,0.004,"293"
"3485",2940200122,62017,7.5,0.05,4.549,2.54,0.007,0.006,"294"
"3488",2940200117,62017,26.1,0.05,5.642,3.096,0.014,0.006,"294"
"3491",2940200114,62017,46.6,0.07,5.4,2.903,0.012,0.008,"294"
"3494",2940200111,62017,76.3,0.15,5.096,2.842,0.011,0.007,"294"
"3497",2940200108,62017,101.5,0.18,4.114,2.303,0.006,0.006,"294"
"3500",2940200105,62017,125.1,0.16,3.656,0.757,0.001,0.022,"294"
"3501",2940200104,62017,151.5,0.1,2.902,0.381,0,0.015,"294"
"3502",2940200103,62017,175.2,0.07,2.824,0.195,0,0.009,"294"
"3516",2950200121,80817,4.8,0.1,4.623,2.339,0.006,0.005,"295"
"3519",2950200118,80817,25.3,0.09,4.901,2.542,0.006,0.004,"295"
"3522",2950200115,80817,47.4,0.13,5.495,2.476,0.006,0.005,"295"
"3525",2950200112,80817,76.8,0.15,4.428,2.448,0.013,0.008,"295"
"3528",2950200109,80817,100.6,0.21,3.822,1.328,0.002,0.03,"295"
"3531",2950200106,80817,126.9,0.09,2.07,0.166,0.003,0.006,"295"
"3533",2950200104,80817,152.7,0.04,1.888,0.049,0,0.003,"295"
"3534",2950200103,80817,176.3,0.02,1.841,0.024,0,0.002,"295"
"3549",2960200722,100717,5.5,0.06,5.681,1.659,0.013,0.007,"296"
"3552",2960200719,100717,26.2,0.07,5.781,1.662,0.013,0.007,"296"
"3555",2960200716,100717,46,0.07,5.787,1.656,0.011,0.007,"296"
"3558",2960200713,100717,75.6,0.08,5.779,1.734,0.013,0.008,"296"
"3561",2960200710,100717,101.4,0.15,5.193,2.285,0.021,0.008,"296"
"3563",2960200707,100717,126.7,0.17,3.971,0.955,0.001,0.014,"296"
"3564",2960200704,100717,150.9,0.08,2.523,0.209,0,0.006,"296"
"3565",2960200703,100717,175.8,0.02,2.181,0.02,0,0.001,"296"
"3579",2970200120,110817,8.1,0.11,4.602,1.981,0.01,0.007,"297"
"3582",2970200117,110817,26.6,0.11,4.627,1.885,0.012,0.008,"297"
"3585",2970200114,110817,45.2,0.11,4.715,1.88,0.012,0.008,"297"
"3588",2970200111,110817,74.7,0.22,3.907,1.291,0.006,0.017,"297"
"3591",2970200108,110817,101,0.26,3.623,1.053,0.001,0.033,"297"
"3593",2970200106,110817,126.3,0.11,2.499,0.294,0,0.012,"297"
"3595",2970200104,110817,151.9,0.02,2.057,0.018,0,0.003,"297"
"3596",2970200103,110817,176.2,0.01,1.746,0.003,0,0,"297"
"3611",2980200120,121217,5.1,0.11,4.642,2.305,0.029,0.014,"298"
"3614",2980200117,121217,26,0.12,4.704,2.258,0.027,0.013,"298"
"3617",2980200114,121217,46.3,0.22,4.462,2.439,0.021,0.013,"298"
"3620",2980200111,121217,76.2,0.19,4.458,1.669,0.014,0.012,"298"
"3623",2980200108,121217,101.7,0.18,3.472,0.554,0.001,0.016,"298"
"3626",2980200105,121217,128.1,0.11,2.649,0.296,0,0.011,"298"
"3627",2980200104,121217,152.4,0.04,2.187,0.048,0,0.002,"298"
"3628",2980200103,121217,176,0.01,1.874,0.004,0,0.001,"298"
"3642",2990200121,11718,7,0.07,4.716,1.96,0.019,0.013,"299"
"3646",2990200117,11718,24.4,0.08,4.857,2.081,0.042,0.02,"299"
"3649",2990200114,11718,45.3,0.09,4.7,2.356,0.047,0.016,"299"
"3652",2990200111,11718,74.3,0.11,4.828,2.371,0.043,0.015,"299"
"3655",2990200108,11718,100.9,0.19,4.167,2.493,0.032,0.014,"299"
"3658",2990200105,11718,124,0.24,4.36,1.3,0.016,0.025,"299"
"3659",2990200104,11718,148.9,0.12,3.104,0.365,0,0.014,"299"
"3660",2990200103,11718,174.3,0.04,2.418,0.069,0,0.003,"299"
"3661",3000200120,22518,5,0.12,4.109,1.82,0.04,0.02,"300"
"3664",3000200117,22518,25.1,0.1,4.037,1.82,0.037,0.019,"300"
"3667",3000200114,22518,44.9,0.1,4.207,1.834,0.04,0.021,"300"
"3670",3000200111,22518,75.4,0.24,4.273,2.137,0.047,0.033,"300"
"3673",3000200108,22518,100.5,0.35,4.728,0.973,0.019,0.039,"300"
"3676",3000200105,22518,125.9,0.28,4.026,0.481,0.009,0.031,"300"
"3677",3000200104,22518,150.3,0.23,4.078,0.337,0.012,0.021,"300"
"3678",3000200103,22518,174.1,0.03,3.184,0.03,0,0.002,"300"
"3693",3010200621,41818,5.3,0.08,5.27,2.014,0.026,0.022,"301"
"3696",3010200618,41818,25.3,0.08,5.336,2.032,0.026,0.021,"301"
"3699",3010200615,41818,46.4,0.09,4.969,2.021,0.026,0.017,"301"
"3702",3010200612,41818,73.8,0.13,5.218,2.527,0.029,0.015,"301"
"3705",3010200609,41818,100.8,0.15,4.924,2.431,0.029,0.015,"301"
"3708",3010200606,41818,127.1,0.23,3.937,1.809,0.026,0.014,"301"
"3709",3010200605,41818,150.2,0.17,2.76,0.537,0,0.015,"301"
"3710",3010200604,41818,176.1,0.05,2.83,0.065,0,0.003,"301"
"3725",3020200723,51618,4.8,0.09,4.464,1.88,0.015,0.011,"302"
"3726",3020200719,51618,25.9,NA,4.724,2.272,0.016,0.013,"302"
"3727",3020200717,51618,45,0.08,4.541,2.187,0.018,0.006,"302"
"3729",3020200714,51618,75.1,0.11,4.575,2.371,0.019,0.01,"302"
"3731",3020200712,51618,100.9,0.19,3.353,2.079,0.01,0.01,"302"
"3733",3020200710,51618,124.8,0.27,3.145,0.765,0,0.031,"302"
"3735",3020200706,51618,150.4,0.14,2.5,0.27,0,0.009,"302"
"3736",3020200704,51618,176.9,0.06,2.139,0.081,0,0.004,"302"
"3741",3030200118,62618,25.6,0.06,3.969,1.523,0.01,0.006,"303"
"3744",3030200115,62618,46.4,0.05,4.189,1.663,0.011,0.007,"303"
"3747",3030200112,62618,75.7,0.12,5.759,2.042,0.018,0.011,"303"
"3750",3030200109,62618,107.9,0.15,5.069,2.211,0.016,0.011,"303"
"3753",3030200106,62618,127.1,0.17,3.472,1.385,0.005,0.013,"303"
"3755",3030200104,62618,150.9,0.14,2.598,0.411,0,0.016,"303"
"3756",3030200103,62618,177.3,0.04,2.18,0.11,0,0.005,"303"
"3769",3040200123,72418,6.2,0.07,4.163,2.081,0.011,0.007,"304"
"3774",3040200117,72418,26.2,0.06,4.237,2.157,0.01,0.007,"304"
"3777",3040200114,72418,46.3,0.08,5.078,2.584,0.013,0.009,"304"
"3780",3040200111,72418,76.1,0.16,4.79,2.533,0.009,0.013,"304"
"3783",3040200108,72418,100.9,0.23,3.302,0.992,0.001,0.019,"304"
"3786",3040200105,72418,126.2,0.14,2.468,0.247,0,0.011,"304"
"3787",3040200104,72418,151.5,0.06,1.958,0.122,0,0.006,"304"
"3788",3040200103,72418,175.4,0.02,1.758,0.028,0,0.002,"304"
"3803",3050200121,91018,7.3,0.06,5.018,1.929,0.014,0.008,"305"
"3806",3050200117,91018,25.6,0.06,5.297,2.075,0.016,0.01,"305"
"3809",3050200114,91018,45.7,0.08,5.551,2.366,0.021,0.013,"305"
"3812",3050200111,91018,76.1,0.16,4.463,2.006,0.026,0.019,"305"
"3815",3050200108,91018,100,0.22,2.872,0.745,0,0.029,"305"
"3818",3050200105,91018,125.2,0.08,2.294,0.2,0,0.007,"305"
"3819",3050200104,91018,152,0.05,2.472,0.116,0,0.005,"305"
"3820",3050200103,91018,175,0.04,1.927,0.083,0,0.003,"305"
"3835",3060200121,101218,4.6,0.1,4.339,2.276,0.011,0.007,"306"
"3838",3060200117,101218,24.1,0.1,4.563,2.215,0.01,0.006,"306"
"3841",3060200114,101218,44.4,0.15,4.633,2.196,0.009,0.008,"306"
"3844",3060200111,101218,73,0.19,4.038,2.292,0.025,0.008,"306"
"3847",3060200108,101218,99.3,0.22,3.302,0.841,0.003,0.017,"306"
"3850",3060200105,101218,125.7,0.07,1.97,0.143,0,0.005,"306"
"3851",3060200104,101218,149.8,0.03,1.631,0.046,0,0.002,"306"
"3852",3060200103,101218,175.4,0.01,1.481,0.012,0,0.001,"306"
"3867",3070200121,111618,6.8,0.1,4.241,1.905,0.016,0.007,"307"
"3870",3070200117,111618,24,0.11,4.159,1.909,0.017,0.007,"307"
"3873",3070200114,111618,44.3,0.1,4.137,1.959,0.017,0.008,"307"
"3876",3070200111,111618,75.8,0.19,4.195,2.055,0.018,0.009,"307"
"3879",3070200108,111618,98.9,0.21,3.896,1.028,0.001,0.012,"307"
"3882",3070200105,111618,126.1,0.17,2.98,0.441,0,0.009,"307"
"3883",3070200104,111618,149.8,0.03,2.433,0.012,0,0.001,"307"
"3884",3070200103,111618,174.8,0.01,1.984,0,0,0,"307"
"3901",3090200121,11519,6.8,0.12,5.678,2.737,0.021,0.014,"309"
"3904",3090200117,11519,24.2,0.12,5.555,2.797,0.026,0.011,"309"
"3907",3090200114,11519,44.7,0.15,5,2.609,0.02,0.011,"309"
"3910",3090200111,11519,76,0.21,4.102,1.817,0.016,0.008,"309"
"3912",3090200108,11519,100.6,0.2,3.786,0.618,0.002,0.019,"309"
"3915",3090200105,11519,125.3,0.11,2.48,0.313,0,0.01,"309"
"3916",3090200104,11519,150.4,0.04,2.036,0.054,0,0.003,"309"
"3917",3090200103,11519,176.2,0.02,1.787,0.021,0,0.002,"309"
"3930",3100201024,22119,5.2,NA,4.005,1.421,0.022,0.014,"310"
"3933",3100201021,22119,24.4,NA,4.051,1.566,0.022,0.015,"310"
"3934",3100201020,22119,43.9,0.11,4.128,1.624,0.025,0.015,"310"
"3936",3100201017,22119,72.9,0.15,4.108,1.461,0.02,0.016,"310"
"3938",3100201015,22119,98.3,0.23,4.024,0.779,0.011,0.025,"310"
"3940",3100201013,22119,123.4,0.14,2.604,0.475,0,0.015,"310"
"3942",3100201010,22119,151.2,0.05,2.088,0.142,0,0.005,"310"
"3943",3100201008,22119,174.2,0.02,1.917,0.012,0,0.001,"310"
"3946",3110200121,50219,5,0.08,5.02,2.258,0.012,0.014,"311"
"3949",3110200117,50219,24.7,0.08,5.112,2.257,0.013,0.014,"311"
"3952",3110200114,50219,44.5,0.09,4.964,2.416,0.011,0.011,"311"
"3955",3110200111,50219,74.9,0.1,4.142,2.462,0.007,0.012,"311"
"3957",3110200108,50219,99.7,0.14,3.962,2.553,0.012,0.01,"311"
"3960",3110200105,50219,124.7,0.21,3.652,1.946,0.012,0.02,"311"
"3961",3110200104,50219,149.6,NA,3.609,0.775,0.003,0.029,"311"
"3962",3110200103,50219,174.7,0.14,3.172,0.239,0,0.011,"311"
"3977",3120200121,61119,5.2,0.06,4.794,1.872,0.009,0.009,"312"
"3980",3120200117,61119,24.3,0.06,5.539,2.288,0.011,0.011,"312"
"3983",3120200114,61119,45,0.08,6.287,2.923,0.013,0.015,"312"
"3986",3120200111,61119,75.1,0.12,6.032,2.685,0.018,0.019,"312"
"3989",3120200108,61119,99.4,0.15,4.78,2.569,0.019,0.015,"312"
"3992",3120200105,61119,124.4,0.21,3.633,0.937,0.001,0.032,"312"
"3993",3120200104,61119,150.2,0.05,3.131,0.086,0,0.004,"312"
"3994",3120200103,61119,169.3,0.02,2.531,0.035,0,0.002,"312"
"4009",3130200121,70119,5.4,0.07,5.876,1.951,0.02,0.014,"313"
"4012",3130200117,70119,25.1,0.07,6.029,2.077,0.018,0.013,"313"
"4015",3130200114,70119,45.5,0.1,6.564,2.411,0.032,0.02,"313"
"4018",3130200111,70119,74.7,0.19,7.25,2.541,0.064,0.027,"313"
"4021",3130200108,70119,99.5,0.26,3.936,0.705,0,0.034,"313"
"4024",3130200105,70119,125.1,0.13,2.89,0.311,0,0.014,"313"
"4025",3130200104,70119,149.8,0.08,3.086,0.139,0,0.007,"313"
"4026",3130200103,70119,175,0.05,2.302,0.071,0,0.003,"313"
"4041",3140200121,80219,5.2,0.09,6.062,1.981,0.007,0.007,"314"
"4044",3140200117,80219,25.1,0.08,6,1.938,0.007,0.007,"314"
"4047",3140200114,80219,44.9,0.08,6.112,1.96,0.007,0.008,"314"
"4050",3140200111,80219,74.1,0.14,5.57,2.675,0.016,0.012,"314"
"4053",3140200108,80219,99,0.17,4.805,2.556,0.018,0.008,"314"
"4056",3140200105,80219,125.3,0.21,3.42,0.601,0.001,0.018,"314"
"4057",3140200104,80219,149.5,0.06,2.415,0.134,0,0.005,"314"
"4058",3140200103,80219,174.5,0.02,2.256,0.023,0,0.002,"314"
"4073",3150200121,90419,5.3,0.06,6.311,1.94,0.006,0.01,"315"
"4076",3150200117,90419,25.3,0.06,6.285,2.07,0.005,0.011,"315"
"4079",3150200114,90419,45,0.11,6.871,2.515,0.008,0.015,"315"
"4082",3150200111,90419,74.5,0.12,5.366,2.404,0.017,0.018,"315"
"4085",3150200108,90419,99.7,0.21,4.521,2.566,0.018,0.013,"315"
"4088",3150200105,90419,126.2,0.22,3.63,0.667,0.001,0.029,"315"
"4089",3150200104,90419,150.1,0.07,2.478,0.184,0,0.007,"315"
"4090",3150200103,90419,174.7,0.04,2.42,0.071,0,0.004,"315"
"4105",3160200121,101719,4.6,0.12,4.983,2.046,0.005,0.007,"316"
"4108",3160200117,101719,24.7,0.12,5.03,2.016,0.005,0.006,"316"
"4111",3160200114,101719,45.1,0.11,5.035,2.038,0.004,0.006,"316"
"4114",3160200111,101719,74.6,0.16,3.835,1.722,0.01,0.008,"316"
"4117",3160200108,101719,100.4,0.22,3.06,0.83,0.003,0.028,"316"
"4120",3160200105,101719,125,0.09,2.247,0.208,0,0.009,"316"
"4121",3160200104,101719,148.9,0.03,2.044,0.035,0,0.002,"316"
"4122",3160200103,101719,174.9,0.02,1.799,0.012,0,0.001,"316"
"4136",3170200121,121919,4.7,0.07,3.977,1.985,0.016,0.011,"317"
"4139",3170200118,121919,25,0.05,3.978,2.061,0.016,0.012,"317"
"4142",3170200115,121919,44.6,0.13,3.959,2.001,0.016,0.01,"317"
"4145",3170200112,121919,76.1,0.11,3.925,1.918,0.016,0.013,"317"
"4148",3170200109,121919,100.9,0.33,3.627,1.027,0.003,0.037,"317"
"4151",3170200106,121919,124.2,0.16,2.736,0.554,0,0.017,"317"
"4153",3170200104,121919,150.4,0.03,2.352,0.056,0,0.003,"317"
"4154",3170200103,121919,176,0.01,2.047,0.007,0,0,"317"
"4167",3180200617,10820,5.1,NA,3.86,1.832,0.013,0.011,"318"
"4168",3180200615,10820,24.4,0.11,3.909,1.798,0.012,0.012,"318"
"4169",3180200614,10820,43.6,NA,3.881,1.794,0.013,0.012,"318"
"4171",3180200612,10820,74.5,0.12,3.993,1.727,0.012,0.013,"318"
"4173",3180200610,10820,98.8,0.22,3.588,0.932,0.004,0.03,"318"
"4175",3180200608,10820,123.9,0.07,2.392,0.234,0,0.008,"318"
"4177",3180200606,10820,150.4,0.01,1.971,0.004,0,0,"318"
"4181",3190200121,13020,6.8,0.07,4.75,2.113,0.024,0.015,"319"
"4183",3190200117,13020,24.3,0.08,4.701,2.115,0.026,0.017,"319"
"4186",3190200114,13020,44.4,0.11,4.559,2.261,0.031,0.023,"319"
"4189",3190200111,13020,75.1,0.18,3.939,1.388,0.008,0.024,"319"
"4192",3190200108,13020,100,0.2,3.272,0.783,0.001,0.034,"319"
"4195",3190200105,13020,123.7,0.1,2.49,0.324,0,0.011,"319"
"4196",3190200104,13020,150.6,0.04,2.26,0.066,0,0.003,"319"
"4197",3190200103,13020,176.8,0.01,1.803,0.008,0,0.001,"319"
"4211",3200200122,71420,4.4,0.06,4.869,2.034,0.012,0.007,"320"
"4214",3200200118,71420,24.6,0.08,4.84,2.176,0.012,0.007,"320"
"4217",3200200115,71420,45,0.09,6.169,3.07,0.011,0.006,"320"
"4220",3200200112,71420,74.8,0.14,4.492,2.401,0.012,0.006,"320"
"4223",3200200109,71420,99.5,0.14,4.389,1.822,0.008,0.011,"320"
"4226",3200200106,71420,123.9,0.24,4.144,0.88,0.001,0.041,"320"
"4229",3200200103,71420,149.2,0.09,2.673,0.21,0,0.011,"320"
"4231",3200200101,71420,174.1,0.03,2.132,0.051,0,0.002,"320"
"4246",3210200122,80720,4.6,0.07,5.184,2.121,0.005,0.005,"321"
"4248",3210200119,80720,24.3,0.06,5.248,2.083,0.006,0.005,"321"
"4251",3210200115,80720,44.2,0.08,4.765,2.258,0.005,0.006,"321"
"4254",3210200112,80720,74.6,0.17,4.867,2.875,0.015,0.008,"321"
"4257",3210200109,80720,99.3,0.21,4.262,2.911,0.018,0.008,"321"
"4260",3210200106,80720,124.5,0.12,3.28,0.403,0,0.016,"321"
"4263",3210200103,80720,149.3,0.04,2.035,0.118,0,0.004,"321"
"4265",3210200101,80720,175.6,0.02,1.916,0.045,0,0.002,"321"
"4278",3220200322,90220,4.7,0.07,5.194,2.146,0.008,0.007,"322"
"4281",3220200318,90220,24.6,0.06,5.125,2.103,0.007,0.007,"322"
"4284",3220200315,90220,44.5,0.07,5.293,2.252,0.007,0.007,"322"
"4287",3220200312,90220,74.6,0.12,5.499,2.718,0.01,0.008,"322"
"4290",3220200309,90220,99.9,0.29,4.222,1.51,0.006,0.029,"322"
"4293",3220200306,90220,125.2,0.15,3.01,0.399,0,0.015,"322"
"4296",3220200303,90220,149.7,0.07,2.111,0.152,0,0.008,"322"
"4298",3220200301,90220,174.9,0.04,1.875,0.085,0,0.003,"322"
"4313",3230200122,92620,4.2,0.06,6.747,2.039,0.004,0.004,"323"
"4316",3230200118,92620,23.2,0.06,4.754,1.939,0.005,0.004,"323"
"4317",3230200117,92620,43.3,0.06,4.872,1.981,0.005,0.004,"323"
"4320",3230200114,92620,74,0.19,5.228,2.727,0.021,0.008,"323"
"4323",3230200111,92620,98.7,0.22,3.908,1.783,0.005,0.005,"323"
"4328",3230200106,92620,125,0.13,2.614,0.278,0,0.009,"323"
"4331",3230200103,92620,148.7,0.07,2.372,0.12,0,0.005,"323"
"4333",3230200101,92620,174.8,0.04,1.999,0.071,0,0.003,"323"
"4348",3240200122,111820,4.3,0.11,4.679,2.056,0.029,0.011,"324"
"4351",3240200118,111820,25.6,0.11,4.59,2.066,0.029,0.015,"324"
"4354",3240200115,111820,45,0.14,4.518,2.149,0.033,0.015,"324"
"4357",3240200112,111820,74.2,0.29,4.45,1.1,0.024,0.067,"324"
"4360",3240200109,111820,99.5,0.16,2.982,0.551,0.001,0.016,"324"
"4363",3240200106,111820,124.8,0.08,2.487,0.202,0,0.005,"324"
"4366",3240200103,111820,150.2,0.03,2.211,0.052,0,0.002,"324"
"4368",3240200101,111820,174,0.01,1.861,0.01,0,0.001,"324"
"4383",3250200121,121820,5.5,0.13,3.938,1.937,0.033,0.01,"325"
"4386",3250200118,121820,26,0.13,3.95,1.948,0.031,0.011,"325"
"4389",3250200115,121820,44.9,0.12,3.916,1.906,0.032,0.009,"325"
"4392",3250200112,121820,75.7,0.13,3.911,1.884,0.033,0.007,"325"
"4395",3250200109,121820,101.5,0.22,2.928,0.63,0.001,0.019,"325"
"4398",3250200106,121820,125.4,0.06,2.176,0.097,0,0.003,"325"
"4401",3250200103,121820,148.6,0.02,1.992,0.01,0,0.001,"325"
"4403",3250200101,121820,175,0.01,1.745,0.002,0,0,"325"
"4417",3260200122,11221,4.4,0.07,3.43,1.513,0.014,0.008,"326"
"4420",3260200119,11221,24.8,0.09,3.127,1.635,0.013,0.006,"326"
"4423",3260200116,11221,41.9,0.1,3.275,1.69,0.012,0.006,"326"
"4426",3260200113,11221,75.4,0.14,3.287,1.874,0.013,0.006,"326"
"4429",3260200110,11221,98.9,0.2,3.011,1.645,0.01,0.007,"326"
"4432",3260200107,11221,125,0.16,2.062,0.414,0,0.012,"326"
"4435",3260200104,11221,149.7,0.05,1.718,0.062,0,0.002,"326"
"4438",3260200101,11221,176.1,0.01,1.46,0.007,0,0.001,"326"
"4453",3270200122,21621,4.5,0.07,3.943,1.614,0.02,0.01,"327"
"4456",3270200119,21621,23.9,0.09,4.248,2.256,0.039,0.014,"327"
"4459",3270200116,21621,44.2,0.09,3.414,1.815,0.051,0.015,"327"
"4462",3270200113,21621,74.4,0.11,3.618,2.047,0.059,0.014,"327"
"4465",3270200110,21621,100.6,0.26,3.465,1.582,0.024,0.011,"327"
"4468",3270200107,21621,124.7,0.24,3.19,0.68,0.009,0.011,"327"
"4470",3270200104,21621,152.3,0.08,1.993,0.162,0,0.006,"327"
"4473",3270200101,21621,174.5,0.02,1.784,0.015,0,0.001,"327"
"4488",3280200122,32321,5.4,0.15,3.208,1.79,0.029,0.018,"328"
"4491",3280200119,32321,25.5,0.13,3.251,1.795,0.03,0.019,"328"
"4494",3280200116,32321,43.9,0.14,3.149,1.822,0.034,0.018,"328"
"4497",3280200113,32321,74.2,0.17,3.332,1.716,0.029,0.019,"328"
"4500",3280200110,32321,100.3,0.33,3.075,0.796,0.005,0.044,"328"
"4502",3280200108,32321,124.9,0.23,2.976,0.42,0.003,0.01,"328"
"4506",3280200104,32321,149.4,0.19,3.062,0.341,0.001,0.013,"328"
"4507",3280200103,32321,175,0.06,2.102,0.076,0,0.005,"328"
"4523",3290200122,41321,5.6,0.09,3.859,1.786,0.014,0.016,"329"
"4526",3290200119,41321,25.5,0.1,4.241,1.871,0.015,0.015,"329"
"4529",3290200116,41321,45.1,0.09,4.08,2.265,0.017,0.013,"329"
"4532",3290200113,41321,75,0.13,3.3,2.161,0.016,0.014,"329"
"4534",3290200111,41321,99.7,0.18,3.265,1.587,0.001,0.025,"329"
"4537",3290200108,41321,124.2,0.16,1.942,0.406,0,0.014,"329"
"4541",3290200104,41321,149.5,0.04,1.83,0.039,0,0.003,"329"
"4544",3290200101,41321,173.6,NA,1.497,0.002,0,0.001,"329"
"4559",3300200122,51621,4.5,0.08,4.301,2.006,0.009,0.01,"330"
"4562",3300200119,51621,25.1,0.08,4.151,2.01,0.009,0.012,"330"
"4565",3300200116,51621,44.2,0.08,4.213,1.856,0.011,0.011,"330"
"4568",3300200113,51621,73.5,0.16,3.789,1.84,0.011,0.013,"330"
"4571",3300200110,51621,99.3,0.27,3.877,0.933,0.002,0.051,"330"
"4574",3300200107,51621,123.8,0.21,2.661,0.507,0,0.038,"330"
"4577",3300200104,51621,148.7,0.08,2.012,0.16,0,0.006,"330"
"4580",3300200101,51621,174.1,0.06,1.986,0.112,0,0.005,"330"
"4629",3320200724,71721,5.1,0.05,4.543,1.737,0.007,0.007,"332"
"4634",3320200719,71721,25.4,0.06,4.272,1.761,0.008,0.007,"332"
"4635",3320200718,71721,44.6,0.07,4.251,2.048,0.008,0.008,"332"
"4640",3320200713,71721,75.3,0.13,3.71,1.861,0.01,0.007,"332"
"4643",3320200710,71721,100.8,0.18,3.349,1.354,0.006,0.006,"332"
"4646",3320200707,71721,125.5,0.21,2.758,0.47,0,0.018,"332"
"4647",3320200706,71721,150.2,0.07,1.766,0.132,0,0.005,"332"
"4662",3330200522,102921,6.7,0.08,4.906,2.487,0.013,0.005,"333"
"4663",3330200519,102921,27,0.08,5.173,2.436,0.015,0.004,"333"
"4664",3330200517,102921,46.8,0.1,5.098,2.908,0.018,0.006,"333"
"4665",3330200513,102921,75.7,0.18,4.413,2.311,0.018,0.006,"333"
"4666",3330200510,102921,100.1,0.18,3.557,1.251,0.006,0.007,"333"
"4667",3330200507,102921,124.8,0.17,2.946,0.506,0,0.019,"333"
"4668",3330200504,102921,149.4,0.04,2.246,0.081,0,0.003,"333"
"4669",3330200501,102921,173.8,0.01,1.973,0.017,0,0.001,"333"
"4694",3340201110,120721,5.8,NA,4.012,1.586,0.009,0.01,"334"
"4695",3340201109,120721,25,NA,4.079,1.589,0.009,0.01,"334"
"4696",3340201108,120721,45,NA,4.322,1.472,0.007,0.01,"334"
"4697",3340201107,120721,76.7,NA,4.471,1.082,0.005,0.01,"334"
"4698",3340201106,120721,101,NA,3.509,0.477,0.001,0.014,"334"
"4699",3340201105,120721,125.2,NA,2.659,0.193,0,0.009,"334"
"4700",3340201104,120721,150.1,NA,2.098,0.07,0,0.004,"334"
"4701",3340201103,120721,175.3,NA,1.652,0.013,0,0.003,"334"
"4704",3350200122,32722,4.9,0.08,4.736,2.037,0.011,0.011,"335"
"4707",3350200119,32722,24,0.08,4.043,1.921,0.011,0.009,"335"
"4710",3350200116,32722,44.3,0.08,4.146,2.103,0.012,0.01,"335"
"4713",3350200113,32722,75.5,0.09,4.458,2.416,0.017,0.009,"335"
"4716",3350200110,32722,100,0.19,2.974,2.356,0.01,0.008,"335"
"4719",3350200107,32722,124.8,0.25,2.769,0.963,0,0.022,"335"
"4722",3350200104,32722,148.9,0.16,1.904,0.353,0,0.013,"335"
"4725",3350200101,32722,174.4,0.05,1.616,0.057,0,0.003,"335"
"4737",3360200122,52622,3.7,0.06,4.13,1.444,0.013,0.008,"336"
"4740",3360200119,52622,24,0.07,4.162,1.499,0.011,0.006,"336"
"4743",3360200116,52622,44.7,0.06,5.145,1.397,0.01,0.008,"336"
"4746",3360200113,52622,72.4,0.07,4.93,1.581,0.009,0.009,"336"
"4749",3360200110,52622,99.3,0.11,4.086,1.812,0.015,0.007,"336"
"4752",3360200107,52622,123.2,0.17,3.349,1.486,0.01,0.006,"336"
"4754",3360200104,52622,146.9,0.16,2.357,0.434,0,0.012,"336"
"4757",3360200101,52622,172.7,0.07,2.127,0.101,0,0.004,"336"
"4771",3370200122,70922,4.2,0.16,4.223,1.671,0.008,0.006,"337"
"4774",3370200119,70922,24.6,0.17,3.981,1.65,0.008,0.004,"337"
"4777",3370200116,70922,43,0.15,4.238,1.672,0.007,0.006,"337"
"4780",3370200113,70922,74.7,0.24,3.827,1.695,0.008,0.006,"337"
"4783",3370200110,70922,99,0.29,2.528,0.834,0.003,0.007,"337"
"4786",3370200107,70922,124.5,0.18,2.433,0.418,0.001,0.007,"337"
"4789",3370200104,70922,148.6,0.15,2.156,0.24,0,0.009,"337"
"4791",3370200101,70922,174.3,0.09,1.854,0.138,0,0.005,"337"
"4805",3380200122,73022,4,0.07,5.326,1.397,0.005,0.004,"338"
"4808",3380200119,73022,24.6,0.07,5.858,1.658,0.007,0.003,"338"
"4811",3380200116,73022,43.3,0.09,5.36,1.769,0.009,0.004,"338"
"4814",3380200113,73022,74.6,0.15,4.043,2.354,0.008,0.004,"338"
"4817",3380200110,73022,98.8,0.21,2.828,1.777,0.013,0.005,"338"
"4820",3380200107,73022,123,0.29,2.406,0.852,0.001,0.014,"338"
"4823",3380200104,73022,148.9,0.11,2.259,0.237,0,0.006,"338"
"4826",3380200101,73022,173.4,0.04,1.98,0.064,0,0.002,"338"
"4839",3390200224,90122,3.9,0.1,4.463,1.512,0.012,0.007,"339"
"4844",3390200219,90122,24.3,0.1,4.551,1.55,0.015,0.008,"339"
"4846",3390200217,90122,44.4,0.15,5.123,2.186,0.014,0.009,"339"
"4849",3390200214,90122,74.4,0.17,3.709,2.002,0.017,0.009,"339"
"4852",3390200211,90122,98.9,0.21,2.52,1.219,0.002,0.011,"339"
"4856",3390200207,90122,123.9,0.13,2.007,0.245,0,0.008,"339"
"4859",3390200204,90122,149.2,NA,1.616,0.139,0,0.004,"339"
"4861",3390200202,90122,174.2,0.04,1.49,0.046,0,0.002,"339"
